CREATE DATABASE  IF NOT EXISTS `bhbase` /*!40100 DEFAULT CHARACTER SET latin1 */;
USE `bhbase`;
-- MySQL dump 10.13  Distrib 5.7.9, for Win64 (x86_64)
--
-- Host: 127.0.0.1    Database: bhbase
-- ------------------------------------------------------
-- Server version	5.5.5-10.1.9-MariaDB

/*!40101 SET @OLD_CHARACTER_SET_CLIENT=@@CHARACTER_SET_CLIENT */;
/*!40101 SET @OLD_CHARACTER_SET_RESULTS=@@CHARACTER_SET_RESULTS */;
/*!40101 SET @OLD_COLLATION_CONNECTION=@@COLLATION_CONNECTION */;
/*!40101 SET NAMES utf8 */;
/*!40103 SET @OLD_TIME_ZONE=@@TIME_ZONE */;
/*!40103 SET TIME_ZONE='+00:00' */;
/*!40014 SET @OLD_UNIQUE_CHECKS=@@UNIQUE_CHECKS, UNIQUE_CHECKS=0 */;
/*!40014 SET @OLD_FOREIGN_KEY_CHECKS=@@FOREIGN_KEY_CHECKS, FOREIGN_KEY_CHECKS=0 */;
/*!40101 SET @OLD_SQL_MODE=@@SQL_MODE, SQL_MODE='NO_AUTO_VALUE_ON_ZERO' */;
/*!40111 SET @OLD_SQL_NOTES=@@SQL_NOTES, SQL_NOTES=0 */;

--
-- Table structure for table `artikel`
--

DROP TABLE IF EXISTS `artikel`;
/*!40101 SET @saved_cs_client     = @@character_set_client */;
/*!40101 SET character_set_client = utf8 */;
CREATE TABLE `artikel` (
  `id` int(8) NOT NULL AUTO_INCREMENT,
  `artikelnaam` varchar(255) DEFAULT NULL,
  `artikelgroep_id` int(8) DEFAULT NULL,
  `barcode` varchar(100) DEFAULT NULL,
  `leverancier_id` int(8) DEFAULT NULL,
  PRIMARY KEY (`id`),
  KEY `artikelgroep_id` (`artikelgroep_id`),
  KEY `leverancier_id` (`leverancier_id`),
  CONSTRAINT `artikel_ibfk_1` FOREIGN KEY (`artikelgroep_id`) REFERENCES `artikelgroep` (`id`),
  CONSTRAINT `artikel_ibfk_2` FOREIGN KEY (`leverancier_id`) REFERENCES `leverancier` (`id`)
) ENGINE=InnoDB AUTO_INCREMENT=9 DEFAULT CHARSET=latin1;
/*!40101 SET character_set_client = @saved_cs_client */;

--
-- Dumping data for table `artikel`
--

LOCK TABLES `artikel` WRITE;
/*!40000 ALTER TABLE `artikel` DISABLE KEYS */;
INSERT INTO `artikel` VALUES (1,'Hedda',5,'123456789123456',10),(2,'Karo',5,'123456789123456',10),(4,'Henk',5,'1234567891234',10),(8,'Nappa',5,'1234565691234',10);
/*!40000 ALTER TABLE `artikel` ENABLE KEYS */;
UNLOCK TABLES;

--
-- Table structure for table `artikelgroep`
--

DROP TABLE IF EXISTS `artikelgroep`;
/*!40101 SET @saved_cs_client     = @@character_set_client */;
/*!40101 SET character_set_client = utf8 */;
CREATE TABLE `artikelgroep` (
  `id` int(8) NOT NULL AUTO_INCREMENT,
  `artikelgroepnaam` varchar(100) DEFAULT NULL,
  PRIMARY KEY (`id`)
) ENGINE=InnoDB AUTO_INCREMENT=30 DEFAULT CHARSET=latin1;
/*!40101 SET character_set_client = @saved_cs_client */;

--
-- Dumping data for table `artikelgroep`
--

LOCK TABLES `artikelgroep` WRITE;
/*!40000 ALTER TABLE `artikelgroep` DISABLE KEYS */;
INSERT INTO `artikelgroep` VALUES (5,'Schoenen'),(6,'Lingerie'),(8,'Wandelstokken'),(11,'Anti-decubitus'),(16,'ADL'),(23,'Rolstoelen'),(24,'Steunzolen'),(25,'Braces'),(29,'Werkuren');
/*!40000 ALTER TABLE `artikelgroep` ENABLE KEYS */;
UNLOCK TABLES;

--
-- Table structure for table `bestelling`
--

DROP TABLE IF EXISTS `bestelling`;
/*!40101 SET @saved_cs_client     = @@character_set_client */;
/*!40101 SET character_set_client = utf8 */;
CREATE TABLE `bestelling` (
  `id` int(8) NOT NULL AUTO_INCREMENT,
  `klant_id` int(8) DEFAULT NULL,
  `artikel_id` int(8) DEFAULT NULL,
  `status_id` int(8) DEFAULT NULL,
  `createdate` timestamp NOT NULL DEFAULT CURRENT_TIMESTAMP,
  `editdate` timestamp NOT NULL DEFAULT CURRENT_TIMESTAMP ON UPDATE CURRENT_TIMESTAMP,
  PRIMARY KEY (`id`),
  KEY `klant_id` (`klant_id`),
  KEY `artikel_id` (`artikel_id`),
  KEY `status_id` (`status_id`),
  CONSTRAINT `bestelling_ibfk_1` FOREIGN KEY (`klant_id`) REFERENCES `klant` (`id`),
  CONSTRAINT `bestelling_ibfk_2` FOREIGN KEY (`artikel_id`) REFERENCES `artikel` (`id`),
  CONSTRAINT `bestelling_ibfk_3` FOREIGN KEY (`status_id`) REFERENCES `stati` (`id`)
) ENGINE=InnoDB AUTO_INCREMENT=21 DEFAULT CHARSET=latin1;
/*!40101 SET character_set_client = @saved_cs_client */;

--
-- Dumping data for table `bestelling`
--

LOCK TABLES `bestelling` WRITE;
/*!40000 ALTER TABLE `bestelling` DISABLE KEYS */;
INSERT INTO `bestelling` VALUES (3,4,4,2,'0000-00-00 00:00:00','2016-06-03 13:19:44'),(4,9,4,4,'2016-06-01 13:20:20','2016-06-03 11:48:47'),(7,1,8,5,'2016-06-03 07:16:43','2016-06-03 12:23:25'),(8,2,2,5,'2016-06-03 07:17:06','2016-06-03 11:48:33'),(9,10,2,5,'2016-06-03 07:17:30','2016-06-03 07:17:30'),(10,9,2,6,'2016-06-03 07:17:53','2016-06-03 07:17:53'),(11,3,4,3,'2016-06-03 07:20:41','2016-06-03 11:16:24'),(12,10,2,3,'2016-06-03 07:21:28','2016-06-03 11:17:38'),(13,1,1,4,'2016-06-03 07:25:22','2016-06-03 07:25:22'),(14,4,4,4,'2016-06-03 07:32:57','2016-06-03 11:20:48'),(15,1,1,3,'2016-06-03 07:45:16','2016-06-03 12:03:02'),(16,4,2,6,'2016-06-03 13:15:50','2016-06-03 13:19:51'),(17,3,2,2,'2016-06-03 13:16:56','2016-06-03 13:17:07'),(18,9,4,2,'2016-06-03 13:18:32','2016-06-03 13:18:40'),(19,1,4,6,'2016-06-03 13:20:42','2016-06-03 13:21:04'),(20,9,1,6,'2016-06-03 13:21:58','2016-06-03 13:21:58');
/*!40000 ALTER TABLE `bestelling` ENABLE KEYS */;
UNLOCK TABLES;

--
-- Table structure for table `klant`
--

DROP TABLE IF EXISTS `klant`;
/*!40101 SET @saved_cs_client     = @@character_set_client */;
/*!40101 SET character_set_client = utf8 */;
CREATE TABLE `klant` (
  `id` int(8) NOT NULL AUTO_INCREMENT,
  `voornaam` varchar(60) DEFAULT NULL,
  `familienaam` varchar(60) DEFAULT NULL,
  `adres` varchar(255) DEFAULT NULL,
  `postcode_id` int(8) DEFAULT NULL,
  `telefoonnr` varchar(50) DEFAULT NULL,
  `email` varchar(100) DEFAULT NULL,
  `klant_createdate` timestamp NOT NULL DEFAULT CURRENT_TIMESTAMP,
  `klant_editdate` timestamp NOT NULL DEFAULT CURRENT_TIMESTAMP ON UPDATE CURRENT_TIMESTAMP,
  PRIMARY KEY (`id`),
  KEY `postcode_id` (`postcode_id`),
  CONSTRAINT `klant_ibfk_1` FOREIGN KEY (`postcode_id`) REFERENCES `postcode` (`id`)
) ENGINE=InnoDB AUTO_INCREMENT=11 DEFAULT CHARSET=latin1;
/*!40101 SET character_set_client = @saved_cs_client */;

--
-- Dumping data for table `klant`
--

LOCK TABLES `klant` WRITE;
/*!40000 ALTER TABLE `klant` DISABLE KEYS */;
INSERT INTO `klant` VALUES (1,'Steven','Van den Berghe','Lijstersstraat 31',408,'0478307404','stvnvndnbrgh@gmail.com','0000-00-00 00:00:00','2016-06-01 08:50:57'),(2,'Elke','Sleurs','Lijsterstraat 31',408,'0478 307 404','elke.sleurs@gmail.com','0000-00-00 00:00:00','2016-06-01 08:53:20'),(3,'Paul','Van den Berghe','Kardinaal Mercierlaan 31/41',408,'016237898','paul.vandenberghe@telenet.be','2016-06-01 09:08:31','2016-06-01 09:08:31'),(4,'Willy','Azijn','Broekstraat 45',408,'0478569852','willy@gmail.com','2016-06-01 09:43:41','2016-06-01 09:43:41'),(9,'Koen','Cock','Banhagestraat 60',422,'016548712','koko@telenet.be','2016-06-01 09:51:53','2016-06-01 09:51:53'),(10,'Monique','Lamal','Lijstersstraat 35',422,'016124578','lamal@telenet.be','2016-06-01 09:53:53','2016-06-01 09:53:53');
/*!40000 ALTER TABLE `klant` ENABLE KEYS */;
UNLOCK TABLES;

--
-- Table structure for table `leverancier`
--

DROP TABLE IF EXISTS `leverancier`;
/*!40101 SET @saved_cs_client     = @@character_set_client */;
/*!40101 SET character_set_client = utf8 */;
CREATE TABLE `leverancier` (
  `id` int(8) NOT NULL AUTO_INCREMENT,
  `leveranciernaam` varchar(100) NOT NULL,
  `email` varchar(100) DEFAULT NULL,
  PRIMARY KEY (`id`)
) ENGINE=InnoDB AUTO_INCREMENT=11 DEFAULT CHARSET=latin1;
/*!40101 SET character_set_client = @saved_cs_client */;

--
-- Dumping data for table `leverancier`
--

LOCK TABLES `leverancier` WRITE;
/*!40000 ALTER TABLE `leverancier` DISABLE KEYS */;
INSERT INTO `leverancier` VALUES (1,'Vermeiren','info@vermeiren.be'),(3,'Sunrise','info@sunrise.be'),(5,'Medi','info@medi.be'),(6,'Bauerfeind','info@bauerfeind.be'),(7,'BSN Medical','info@bsn.be'),(8,'Distrac','info@distrac.be'),(10,'Solidus','info@solidus.be');
/*!40000 ALTER TABLE `leverancier` ENABLE KEYS */;
UNLOCK TABLES;

--
-- Table structure for table `postcode`
--

DROP TABLE IF EXISTS `postcode`;
/*!40101 SET @saved_cs_client     = @@character_set_client */;
/*!40101 SET character_set_client = utf8 */;
CREATE TABLE `postcode` (
  `id` int(8) NOT NULL AUTO_INCREMENT,
  `postcode` varchar(10) NOT NULL,
  `gemeente` varchar(100) DEFAULT NULL,
  PRIMARY KEY (`id`)
) ENGINE=InnoDB AUTO_INCREMENT=2778 DEFAULT CHARSET=latin1;
/*!40101 SET character_set_client = @saved_cs_client */;

--
-- Dumping data for table `postcode`
--

LOCK TABLES `postcode` WRITE;
/*!40000 ALTER TABLE `postcode` DISABLE KEYS */;
INSERT INTO `postcode` VALUES (1,'1000','BRUSSEL'),(2,'1020','Laken'),(3,'1030','SCHAARBEEK'),(4,'1040','ETTERBEEK'),(5,'1050','ELSENE'),(6,'1060','SINT-GILLIS'),(7,'1070','ANDERLECHT'),(8,'1080','SINT-JANS-MOLENBEEK'),(9,'1081','KOEKELBERG'),(10,'1082','SINT-AGATHA-BERCHEM'),(11,'1083','GANSHOREN'),(12,'1090','JETTE'),(13,'1120','Neder-Over-Heembeek'),(14,'1130','Haren'),(15,'1140','EVERE'),(16,'1150','SINT-PIETERS-WOLUWE'),(17,'1160','OUDERGEM'),(18,'1170','WATERMAAL-BOSVOORDE'),(19,'1180','UKKEL'),(20,'1190','VORST'),(21,'1200','SINT-LAMBRECHTS-WOLUWE'),(22,'1210','SINT-JOOST-TEN-NOODE'),(23,'1300','Limal'),(24,'1300','WAVRE'),(25,'1301','Bierges'),(26,'1310','LA HULPE'),(27,'1315','Glimes'),(28,'1315','INCOURT'),(29,'1315','Opprebais'),(30,'1315','Piètrebais'),(31,'1315','Roux-Miroir'),(32,'1320','BEAUVECHAIN'),(33,'1320','Hamme-Mille'),(34,'1320','L\'Ecluse'),(35,'1320','Nodebais'),(36,'1320','Tourinnes-La-Grosse'),(37,'1325','Bonlez'),(38,'1325','CHAUMONT-GISTOUX'),(39,'1325','Corroy-Le-Grand'),(40,'1325','Dion-Valmont'),(41,'1325','Longueville'),(42,'1330','RIXENSART'),(43,'1331','Rosières'),(44,'1332','Genval'),(45,'1340','Ottignies'),(46,'1340','OTTIGNIES-LOUVAIN-LA-NEUVE'),(47,'1341','Céroux-Mousty'),(48,'1342','Limelette'),(49,'1348','Louvain-La-Neuve'),(50,'1350','Enines'),(51,'1350','Folx-Les-Caves'),(52,'1350','Jandrain-Jandrenouille'),(53,'1350','Jauche'),(54,'1350','Marilles'),(55,'1350','Noduwez'),(56,'1350','ORP-JAUCHE'),(57,'1350','Orp-Le-Grand'),(58,'1357','HÉLÉCINE'),(59,'1357','Linsmeau'),(60,'1357','Neerheylissem'),(61,'1357','Opheylissem'),(62,'1360','Malèves-Sainte-Marie-Wastines'),(63,'1360','Orbais'),(64,'1360','PERWEZ'),(65,'1360','Thorembais-Les-Béguines'),(66,'1360','Thorembais-Saint-Trond'),(67,'1367','Autre-Eglise'),(68,'1367','Bomal'),(69,'1367','Geest-Gérompont-Petit-Rosière'),(70,'1367','Gérompont'),(71,'1367','Grand-Rosière-Hottomont'),(72,'1367','Huppaye'),(73,'1367','Mont-Saint-André'),(74,'1367','RAMILLIES'),(75,'1370','Dongelberg'),(76,'1370','Jauchelette'),(77,'1370','JODOIGNE'),(78,'1370','Jodoigne-Souveraine'),(79,'1370','Lathuy'),(80,'1370','Mélin'),(81,'1370','Piétrain'),(82,'1370','Saint-Jean-Geest'),(83,'1370','Saint-Remy-Geest'),(84,'1370','Zétrud-Lumay'),(85,'1380','Couture-Saint-Germain'),(86,'1380','LASNE'),(87,'1380','Lasne-Chapelle-Saint-Lambert'),(88,'1380','Maransart'),(89,'1380','Ohain'),(90,'1380','Plancenoit'),(91,'1390','Archennes'),(92,'1390','Biez'),(93,'1390','Bossut-Gottechain'),(94,'1390','GREZ-DOICEAU'),(95,'1390','Nethen'),(96,'1400','Monstreux'),(97,'1400','NIVELLES'),(98,'1401','Baulers'),(99,'1402','Thines'),(100,'1404','Bornival'),(101,'1410','WATERLOO'),(102,'1420','BRAINE-L\'ALLEUD'),(103,'1421','Ophain-Bois-Seigneur-Isaac'),(104,'1428','Lillois-Witterzée'),(105,'1430','Bierghes'),(106,'1430','Quenast'),(107,'1430','REBECQ'),(108,'1430','Rebecq-Rognon'),(109,'1435','Corbais'),(110,'1435','Hévillers'),(111,'1435','MONT-SAINT-GUIBERT'),(112,'1440','BRAINE-LE-CHÂTEAU'),(113,'1440','Wauthier-Braine'),(114,'1450','CHASTRE'),(115,'1450','Chastre-Villeroux-Blanmont'),(116,'1450','Cortil-Noirmont'),(117,'1450','Gentinnes'),(118,'1450','Saint-Géry'),(119,'1457','Nil-Saint-Vincent-Saint-Martin'),(120,'1457','Tourinnes-Saint-Lambert'),(121,'1457','WALHAIN'),(122,'1457','Walhain-Saint-Paul'),(123,'1460','ITTRE'),(124,'1460','Virginal-Samme'),(125,'1461','Haut-Ittre'),(126,'1470','Baisy-Thy'),(127,'1470','Bousval'),(128,'1470','GENAPPE'),(129,'1471','Loupoigne'),(130,'1472','Vieux-Genappe'),(131,'1473','Glabais'),(132,'1474','Ways'),(133,'1476','Houtain-Le-Val'),(134,'1480','Clabecq'),(135,'1480','Oisquercq'),(136,'1480','Saintes'),(137,'1480','TUBIZE'),(138,'1490','COURT-SAINT-ETIENNE'),(139,'1495','Marbais'),(140,'1495','Mellery'),(141,'1495','Sart-Dames-Avelines'),(142,'1495','Tilly'),(143,'1495','VILLERS-LA-VILLE'),(144,'1500','HALLE'),(145,'1501','Buizingen'),(146,'1502','Lembeek'),(147,'1540','Herfelingen'),(148,'1540','HERNE'),(149,'1541','Sint-Pieters-Kapelle'),(150,'1547','BEVER'),(151,'1560','HOEILAART'),(152,'1570','GALMAARDEN'),(153,'1570','Tollembeek'),(154,'1570','Vollezele'),(155,'1600','Oudenaken'),(156,'1600','Sint-Laureins-Berchem'),(157,'1600','SINT-PIETERS-LEEUW'),(158,'1601','Ruisbroek'),(159,'1602','Vlezenbeek'),(160,'1620','DROGENBOS'),(161,'1630','LINKEBEEK'),(162,'1640','SINT-GENESIUS-RODE'),(163,'1650','BEERSEL'),(164,'1651','Lot'),(165,'1652','Alsemberg'),(166,'1653','Dworp'),(167,'1654','Huizingen'),(168,'1670','Bogaarden'),(169,'1670','Heikruis'),(170,'1670','PEPINGEN'),(171,'1671','Elingen'),(172,'1673','Beert'),(173,'1674','Bellingen'),(174,'1700','DILBEEK'),(175,'1700','Sint-Martens-Bodegem'),(176,'1700','Sint-Ulriks-Kapelle'),(177,'1701','Itterbeek'),(178,'1702','Groot-Bijgaarden'),(179,'1703','Schepdaal'),(180,'1730','ASSE'),(181,'1730','Bekkerzeel'),(182,'1730','Kobbegem'),(183,'1730','Mollem'),(184,'1731','Relegem'),(185,'1731','Zellik'),(186,'1740','TERNAT'),(187,'1741','Wambeek'),(188,'1742','Sint-Katherina-Lombeek'),(189,'1745','Mazenzele'),(190,'1745','OPWIJK'),(191,'1750','Gaasbeek'),(192,'1750','LENNIK'),(193,'1750','Sint-Kwintens-Lennik'),(194,'1750','Sint-Martens-Lennik'),(195,'1755','GOOIK'),(196,'1755','Kester'),(197,'1755','Leerbeek'),(198,'1755','Oetingen'),(199,'1760','Onze-Lieve-Vrouw-Lombeek'),(200,'1760','Pamel'),(201,'1760','ROOSDAAL'),(202,'1760','Strijtem'),(203,'1761','Borchtlombeek'),(204,'1770','LIEDEKERKE'),(205,'1780','WEMMEL'),(206,'1785','Brussegem'),(207,'1785','Hamme'),(208,'1785','MERCHTEM'),(209,'1790','AFFLIGEM'),(210,'1790','Essene'),(211,'1790','Hekelgem'),(212,'1790','Teralfene'),(213,'1800','Peutie'),(214,'1800','VILVOORDE'),(215,'1820','Melsbroek'),(216,'1820','Perk'),(217,'1820','STEENOKKERZEEL'),(218,'1830','MACHELEN'),(219,'1831','Diegem'),(220,'1840','LONDERZEEL'),(221,'1840','Malderen'),(222,'1840','Steenhuffel'),(223,'1850','GRIMBERGEN'),(224,'1851','Humbeek'),(225,'1852','Beigem'),(226,'1853','Strombeek-Bever'),(227,'1860','MEISE'),(228,'1861','Wolvertem'),(229,'1880','KAPELLE-OP-DEN-BOS'),(230,'1880','Nieuwenrode'),(231,'1880','Ramsdonk'),(232,'1910','Berg'),(233,'1910','Buken'),(234,'1910','KAMPENHOUT'),(235,'1910','Nederokkerzeel'),(236,'1930','Nossegem'),(237,'1930','ZAVENTEM'),(238,'1932','Sint-Stevens-Woluwe'),(239,'1933','Sterrebeek'),(240,'1950','KRAAINEM'),(241,'1970','WEZEMBEEK-OPPEM'),(242,'1980','Eppegem'),(243,'1980','ZEMST'),(244,'1981','Hofstade'),(245,'1982','Elewijt'),(246,'1982','Weerde'),(247,'2000','ANTWERPEN'),(248,'2018','ANTWERPEN'),(249,'2020','ANTWERPEN'),(250,'2030','ANTWERPEN'),(251,'2040','ANTWERPEN'),(252,'2040','Berendrecht'),(253,'2040','Lillo'),(254,'2040','Zandvliet'),(255,'2050','ANTWERPEN'),(256,'2060','ANTWERPEN'),(257,'2070','Burcht'),(258,'2070','ZWIJNDRECHT'),(259,'2100','Deurne'),(260,'2110','WIJNEGEM'),(261,'2140','Borgerhout'),(262,'2150','BORSBEEK'),(263,'2160','WOMMELGEM'),(264,'2170','Merksem'),(265,'2180','Ekeren'),(266,'2200','HERENTALS'),(267,'2200','Morkhoven'),(268,'2200','Noorderwijk'),(269,'2220','Hallaar'),(270,'2220','HEIST-OP-DEN-BERG'),(271,'2221','Booischot'),(272,'2222','Itegem'),(273,'2222','Wiekevorst'),(274,'2223','Schriek'),(275,'2230','HERSELT'),(276,'2230','Ramsel'),(277,'2235','Houtvenne'),(278,'2235','HULSHOUT'),(279,'2235','Westmeerbeek'),(280,'2240','Massenhoven'),(281,'2240','Viersel'),(282,'2240','ZANDHOVEN'),(283,'2242','Pulderbos'),(284,'2243','Pulle'),(285,'2250','OLEN'),(286,'2260','Oevel'),(287,'2260','Tongerlo'),(288,'2260','WESTERLO'),(289,'2260','Zoerle-Parwijs'),(290,'2270','HERENTHOUT'),(291,'2275','Gierle'),(292,'2275','LILLE'),(293,'2275','Poederlee'),(294,'2275','Wechelderzande'),(295,'2280','GROBBENDONK'),(296,'2288','Bouwel'),(297,'2290','VORSELAAR'),(298,'2300','TURNHOUT'),(299,'2310','RIJKEVORSEL'),(300,'2320','HOOGSTRATEN'),(301,'2321','Meer'),(302,'2322','Minderhout'),(303,'2323','Wortel'),(304,'2328','Meerle'),(305,'2330','MERKSPLAS'),(306,'2340','BEERSE'),(307,'2340','Vlimmeren'),(308,'2350','VOSSELAAR'),(309,'2360','OUD-TURNHOUT'),(310,'2370','ARENDONK'),(311,'2380','RAVELS'),(312,'2381','Weelde'),(313,'2382','Poppel'),(314,'2387','BAARLE-HERTOG'),(315,'2390','MALLE'),(316,'2390','Oostmalle'),(317,'2390','Westmalle'),(318,'2400','MOL'),(319,'2430','Eindhout'),(320,'2430','LAAKDAL'),(321,'2430','Vorst'),(322,'2431','Varendonk'),(323,'2431','Veerle'),(324,'2440','GEEL'),(325,'2450','MEERHOUT'),(326,'2460','KASTERLEE'),(327,'2460','Lichtaart'),(328,'2460','Tielen'),(329,'2470','RETIE'),(330,'2480','DESSEL'),(331,'2490','BALEN'),(332,'2491','Olmen'),(333,'2500','Koningshooikt'),(334,'2500','LIER'),(335,'2520','Broechem'),(336,'2520','Emblem'),(337,'2520','Oelegem'),(338,'2520','RANST'),(339,'2530','BOECHOUT'),(340,'2531','Vremde'),(341,'2540','HOVE'),(342,'2547','LINT'),(343,'2550','KONTICH'),(344,'2550','Waarloos'),(345,'2560','Bevel'),(346,'2560','Kessel'),(347,'2560','NIJLEN'),(348,'2570','DUFFEL'),(349,'2580','Beerzel'),(350,'2580','PUTTE'),(351,'2590','BERLAAR'),(352,'2590','Gestel'),(353,'2600','Berchem'),(354,'2610','Wilrijk'),(355,'2620','HEMIKSEM'),(356,'2627','SCHELLE'),(357,'2630','AARTSELAAR'),(358,'2640','MORTSEL'),(359,'2650','EDEGEM'),(360,'2660','Hoboken'),(361,'2800','MECHELEN'),(362,'2800','Walem'),(363,'2801','Heffen'),(364,'2811','Hombeek'),(365,'2811','Leest'),(366,'2812','Muizen'),(367,'2820','BONHEIDEN'),(368,'2820','Rijmenam'),(369,'2830','Blaasveld'),(370,'2830','Heindonk'),(371,'2830','Tisselt'),(372,'2830','WILLEBROEK'),(373,'2840','Reet'),(374,'2840','RUMST'),(375,'2840','Terhagen'),(376,'2845','NIEL'),(377,'2850','BOOM'),(378,'2860','SINT-KATELIJNE-WAVER'),(379,'2861','Onze-Lieve-Vrouw-Waver'),(380,'2870','Breendonk'),(381,'2870','Liezele'),(382,'2870','PUURS'),(383,'2870','Ruisbroek'),(384,'2880','BORNEM'),(385,'2880','Hingene'),(386,'2880','Mariekerke'),(387,'2880','Weert'),(388,'2890','Lippelo'),(389,'2890','Oppuurs'),(390,'2890','SINT-AMANDS'),(391,'2900','SCHOTEN'),(392,'2910','ESSEN'),(393,'2920','KALMTHOUT'),(394,'2930','BRASSCHAAT'),(395,'2940','Hoevenen'),(396,'2940','STABROEK'),(397,'2950','KAPELLEN'),(398,'2960','BRECHT'),(399,'2960','Sint-Job-In-\'T-Goor'),(400,'2960','Sint-Lenaarts'),(401,'2970','\'S Gravenwezel'),(402,'2970','SCHILDE'),(403,'2980','Halle'),(404,'2980','ZOERSEL'),(405,'2990','Loenhout'),(406,'2990','WUUSTWEZEL'),(407,'3000','LEUVEN'),(408,'3001','Heverlee'),(409,'3010','Kessel Lo'),(410,'3012','Wilsele'),(411,'3018','Wijgmaal'),(412,'3020','HERENT'),(413,'3020','Veltem-Beisem'),(414,'3020','Winksele'),(415,'3040','HULDENBERG'),(416,'3040','Loonbeek'),(417,'3040','Neerijse'),(418,'3040','Ottenburg'),(419,'3040','Sint-Agatha-Rode'),(420,'3050','OUD-HEVERLEE'),(421,'3051','Sint-Joris-Weert'),(422,'3052','Blanden'),(423,'3053','Haasrode'),(424,'3054','Vaalbeek'),(425,'3060','BERTEM'),(426,'3060','Korbeek-Dijle'),(427,'3061','Leefdaal'),(428,'3070','KORTENBERG'),(429,'3071','Erps-Kwerps'),(430,'3078','Everberg'),(431,'3078','Meerbeek'),(432,'3080','Duisburg'),(433,'3080','TERVUREN'),(434,'3080','Vossem'),(435,'3090','OVERIJSE'),(436,'3110','ROTSELAAR'),(437,'3111','Wezemaal'),(438,'3118','Werchter'),(439,'3120','TREMELO'),(440,'3128','Baal'),(441,'3130','BEGIJNENDIJK'),(442,'3130','Betekom'),(443,'3140','KEERBERGEN'),(444,'3150','HAACHT'),(445,'3150','Tildonk'),(446,'3150','Wespelaar'),(447,'3190','BOORTMEERBEEK'),(448,'3191','Hever'),(449,'3200','AARSCHOT'),(450,'3200','Gelrode'),(451,'3201','Langdorp'),(452,'3202','Rillaar'),(453,'3210','Linden'),(454,'3210','LUBBEEK'),(455,'3211','Binkom'),(456,'3212','Pellenberg'),(457,'3220','HOLSBEEK'),(458,'3220','Kortrijk-Dutsel'),(459,'3220','Sint-Pieters-Rode'),(460,'3221','Nieuwrode'),(461,'3270','Scherpenheuvel'),(462,'3270','SCHERPENHEUVEL-ZICHEM'),(463,'3271','Averbode'),(464,'3271','Zichem'),(465,'3272','Messelbroek'),(466,'3272','Testelt'),(467,'3290','Deurne'),(468,'3290','DIEST'),(469,'3290','Schaffen'),(470,'3290','Webbekom'),(471,'3293','Kaggevinne'),(472,'3294','Molenstede'),(473,'3300','Bost'),(474,'3300','Goetsenhoven'),(475,'3300','Hakendover'),(476,'3300','Kumtich'),(477,'3300','Oorbeek'),(478,'3300','Oplinter'),(479,'3300','Sint-Margriete-Houtem'),(480,'3300','TIENEN'),(481,'3300','Vissenaken'),(482,'3320','HOEGAARDEN'),(483,'3320','Meldert'),(484,'3321','Outgaarden'),(485,'3350','Drieslinter'),(486,'3350','LINTER'),(487,'3350','Melkwezer'),(488,'3350','Neerhespen'),(489,'3350','Neerlinter'),(490,'3350','Orsmaal-Gussenhoven'),(491,'3350','Overhespen'),(492,'3350','Wommersom'),(493,'3360','BIERBEEK'),(494,'3360','Korbeek-Lo'),(495,'3360','Lovenjoel'),(496,'3360','Opvelp'),(497,'3370','BOUTERSEM'),(498,'3370','Kerkom'),(499,'3370','Neervelp'),(500,'3370','Roosbeek'),(501,'3370','Vertrijk'),(502,'3370','Willebringen'),(503,'3380','Bunsbeek'),(504,'3380','GLABBEEK'),(505,'3381','Kapellen'),(506,'3384','Attenrode'),(507,'3390','Houwaart'),(508,'3390','Sint-Joris-Winge'),(509,'3390','Tielt'),(510,'3390','TIELT-WINGE'),(511,'3391','Meensel-Kiezegem'),(512,'3400','Eliksem'),(513,'3400','Ezemaal'),(514,'3400','Laar'),(515,'3400','LANDEN'),(516,'3400','Neerwinden'),(517,'3400','Overwinden'),(518,'3400','Rumsdorp'),(519,'3400','Wange'),(520,'3401','Waasmont'),(521,'3401','Walsbets'),(522,'3401','Walshoutem'),(523,'3401','Wezeren'),(524,'3404','Attenhoven'),(525,'3404','Neerlanden'),(526,'3440','Budingen'),(527,'3440','Dormaal'),(528,'3440','Halle-Booienhoven'),(529,'3440','Helen-Bos'),(530,'3440','ZOUTLEEUW'),(531,'3450','GEETBETS'),(532,'3450','Grazen'),(533,'3454','Rummen'),(534,'3460','Assent'),(535,'3460','BEKKEVOORT'),(536,'3461','Molenbeek-Wersbeek'),(537,'3470','KORTENAKEN'),(538,'3470','Ransberg'),(539,'3470','Sint-Margriete-Houtem'),(540,'3471','Hoeleden'),(541,'3472','Kersbeek-Miskom'),(542,'3473','Waanrode'),(543,'3500','HASSELT'),(544,'3500','Sint-Lambrechts-Herk'),(545,'3501','Wimmertingen'),(546,'3510','Kermt'),(547,'3510','Spalbeek'),(548,'3511','Kuringen'),(549,'3511','Stokrooie'),(550,'3512','Stevoort'),(551,'3520','ZONHOVEN'),(552,'3530','Helchteren'),(553,'3530','Houthalen'),(554,'3530','HOUTHALEN-HELCHTEREN'),(555,'3540','Berbroek'),(556,'3540','Donk'),(557,'3540','HERK-DE-STAD'),(558,'3540','Schulen'),(559,'3545','HALEN'),(560,'3545','Loksbergen'),(561,'3545','Zelem'),(562,'3550','Heusden'),(563,'3550','HEUSDEN-ZOLDER'),(564,'3550','Zolder'),(565,'3560','Linkhout'),(566,'3560','LUMMEN'),(567,'3560','Meldert'),(568,'3570','ALKEN'),(569,'3580','BERINGEN'),(570,'3581','Beverlo'),(571,'3582','Koersel'),(572,'3583','Paal'),(573,'3590','DIEPENBEEK'),(574,'3600','GENK'),(575,'3620','Gellik'),(576,'3620','LANAKEN'),(577,'3620','Neerharen'),(578,'3620','Veldwezelt'),(579,'3621','Rekem'),(580,'3630','Eisden'),(581,'3630','Leut'),(582,'3630','MAASMECHELEN'),(583,'3630','Mechelen-Aan-De-Maas'),(584,'3630','Meeswijk'),(585,'3630','Opgrimbie'),(586,'3630','Vucht'),(587,'3631','Boorsem'),(588,'3631','Uikhoven'),(589,'3640','Kessenich'),(590,'3640','KINROOI'),(591,'3640','Molenbeersel'),(592,'3640','Ophoven'),(593,'3650','Dilsen'),(594,'3650','DILSEN-STOKKEM'),(595,'3650','Elen'),(596,'3650','Lanklaar'),(597,'3650','Rotem'),(598,'3650','Stokkem'),(599,'3660','OPGLABBEEK'),(600,'3665','AS'),(601,'3668','Niel-Bij-As'),(602,'3670','Ellikom'),(603,'3670','Gruitrode'),(604,'3670','Meeuwen'),(605,'3670','MEEUWEN-GRUITRODE'),(606,'3670','Neerglabbeek'),(607,'3670','Wijshagen'),(608,'3680','MAASEIK'),(609,'3680','Neeroeteren'),(610,'3680','Opoeteren'),(611,'3690','ZUTENDAAL'),(612,'3700','\'S Herenelderen'),(613,'3700','Berg'),(614,'3700','Diets-Heur'),(615,'3700','Haren'),(616,'3700','Henis'),(617,'3700','Kolmont'),(618,'3700','Koninksem'),(619,'3700','Lauw'),(620,'3700','Mal'),(621,'3700','Neerrepen'),(622,'3700','Nerem'),(623,'3700','Overrepen'),(624,'3700','Piringen'),(625,'3700','Riksingen'),(626,'3700','Rutten'),(627,'3700','Sluizen'),(628,'3700','TONGEREN'),(629,'3700','Vreren'),(630,'3700','Widooie'),(631,'3717','HERSTAPPE'),(632,'3720','KORTESSEM'),(633,'3721','Vliermaalroot'),(634,'3722','Wintershoven'),(635,'3723','Guigoven'),(636,'3724','Vliermaal'),(637,'3730','HOESELT'),(638,'3730','Romershoven'),(639,'3730','Sint-Huibrechts-Hern'),(640,'3730','Werm'),(641,'3732','Schalkhoven'),(642,'3740','Beverst'),(643,'3740','BILZEN'),(644,'3740','Eigenbilzen'),(645,'3740','Grote-Spouwen'),(646,'3740','Hees'),(647,'3740','Kleine-Spouwen'),(648,'3740','Mopertingen'),(649,'3740','Munsterbilzen'),(650,'3740','Rijkhoven'),(651,'3740','Rosmeer'),(652,'3740','Waltwilder'),(653,'3742','Martenslinde'),(654,'3746','Hoelbeek'),(655,'3770','Genoelselderen'),(656,'3770','Herderen'),(657,'3770','Kanne'),(658,'3770','Membruggen'),(659,'3770','Millen'),(660,'3770','RIEMST'),(661,'3770','Val-Meer'),(662,'3770','Vlijtingen'),(663,'3770','Vroenhoven'),(664,'3770','Zichen-Zussen-Bolder'),(665,'3790','Moelingen'),(666,'3790','Sint-Martens-Voeren'),(667,'3790','VOEREN'),(668,'3791','Remersdaal'),(669,'3792','Sint-Pieters-Voeren'),(670,'3793','Teuven'),(671,'3798','S Gravenvoeren'),(672,'3800','Aalst'),(673,'3800','Brustem'),(674,'3800','Engelmanshoven'),(675,'3800','Gelinden'),(676,'3800','Groot-Gelmen'),(677,'3800','Halmaal'),(678,'3800','Kerkom-Bij-Sint-Truiden'),(679,'3800','Ordingen'),(680,'3800','SINT-TRUIDEN'),(681,'3800','Zepperen'),(682,'3803','Duras'),(683,'3803','Gorsem'),(684,'3803','Runkelen'),(685,'3803','Wilderen'),(686,'3806','Velm'),(687,'3830','Berlingen'),(688,'3830','WELLEN'),(689,'3831','Herten'),(690,'3832','Ulbeek'),(691,'3840','Bommershoven'),(692,'3840','BORGLOON'),(693,'3840','Broekom'),(694,'3840','Gors-Opleeuw'),(695,'3840','Gotem'),(696,'3840','Groot-Loon'),(697,'3840','Haren'),(698,'3840','Hendrieken'),(699,'3840','Hoepertingen'),(700,'3840','Jesseren'),(701,'3840','Kerniel'),(702,'3840','Kolmont'),(703,'3840','Kuttekoven'),(704,'3840','Rijkel'),(705,'3840','Voort'),(706,'3850','Binderveld'),(707,'3850','Kozen'),(708,'3850','NIEUWERKERKEN'),(709,'3850','Wijer'),(710,'3870','Batsheers'),(711,'3870','Bovelingen'),(712,'3870','Gutshoven'),(713,'3870','HEERS'),(714,'3870','Heks'),(715,'3870','Horpmaal'),(716,'3870','Klein-Gelmen'),(717,'3870','Mechelen-Bovelingen'),(718,'3870','Mettekoven'),(719,'3870','Opheers'),(720,'3870','Rukkelingen-Loon'),(721,'3870','Vechmaal'),(722,'3870','Veulen'),(723,'3890','Boekhout'),(724,'3890','GINGELOM'),(725,'3890','Jeuk'),(726,'3890','Kortijs'),(727,'3890','Montenaken'),(728,'3890','Niel-Bij-Sint-Truiden'),(729,'3890','Vorsen'),(730,'3891','Borlo'),(731,'3891','Buvingen'),(732,'3891','Mielen-Boven-Aalst'),(733,'3891','Muizen'),(734,'3900','OVERPELT'),(735,'3910','NEERPELT'),(736,'3910','Sint-Huibrechts-Lille'),(737,'3920','LOMMEL'),(738,'3930','Achel'),(739,'3930','Hamont'),(740,'3930','HAMONT-ACHEL'),(741,'3940','Hechtel'),(742,'3940','HECHTEL-EKSEL'),(743,'3941','Eksel'),(744,'3945','HAM'),(745,'3945','Kwaadmechelen'),(746,'3945','Oostham'),(747,'3950','BOCHOLT'),(748,'3950','Kaulille'),(749,'3950','Reppel'),(750,'3960','Beek'),(751,'3960','BREE'),(752,'3960','Gerdingen'),(753,'3960','Opitter'),(754,'3960','Tongerlo'),(755,'3970','LEOPOLDSBURG'),(756,'3971','Heppen'),(757,'3980','TESSENDERLO'),(758,'3990','Grote-Brogel'),(759,'3990','Kleine-Brogel'),(760,'3990','PEER'),(761,'3990','Wijchmaal'),(762,'4000','Glain'),(763,'4000','LIÈGE'),(764,'4000','Rocourt'),(765,'4020','Bressoux'),(766,'4020','Jupille-Sur-Meuse'),(767,'4020','LIÈGE'),(768,'4020','Wandre'),(769,'4030','Grivegnee'),(770,'4031','Angleur'),(771,'4032','Chênee'),(772,'4040','HERSTAL'),(773,'4041','Milmort'),(774,'4041','Vottem'),(775,'4042','Liers'),(776,'4050','CHAUDFONTAINE'),(777,'4051','Vaux-Sous-Chèvremont'),(778,'4052','Beaufays'),(779,'4053','Embourg'),(780,'4100','Boncelles'),(781,'4100','SERAING'),(782,'4101','Jemeppe-Sur-Meuse'),(783,'4102','Ougrée'),(784,'4120','Ehein'),(785,'4120','NEUPRÉ'),(786,'4120','Rotheux-Rimière'),(787,'4121','Neuville-En-Condroz'),(788,'4122','Plainevaux'),(789,'4130','ESNEUX'),(790,'4130','Tilff'),(791,'4140','Dolembreux'),(792,'4140','Gomzé-Andoumont'),(793,'4140','Rouvreux'),(794,'4140','SPRIMONT'),(795,'4141','Louveigné'),(796,'4160','ANTHISNES'),(797,'4161','Villers-Aux-Tours'),(798,'4162','Hody'),(799,'4163','Tavier'),(800,'4170','COMBLAIN-AU-PONT'),(801,'4171','Poulseur'),(802,'4180','Comblain-Fairon'),(803,'4180','Comblain-La-Tour'),(804,'4180','HAMOIR'),(805,'4181','Filot'),(806,'4190','FERRIÈRES'),(807,'4190','My'),(808,'4190','Vieuxville'),(809,'4190','Werbomont'),(810,'4190','Xhoris'),(811,'4210','BURDINNE'),(812,'4210','Hannêche'),(813,'4210','Lamontzée'),(814,'4210','Marneffe'),(815,'4210','Oteppe'),(816,'4217','HÉRON'),(817,'4217','Lavoir'),(818,'4217','Waret-L\'Evêque'),(819,'4218','Couthuin'),(820,'4219','Acosse'),(821,'4219','Ambresin'),(822,'4219','Meeffe'),(823,'4219','WASSEIGES'),(824,'4250','Boëlhe'),(825,'4250','GEER'),(826,'4250','Hollogne-Sur-Geer'),(827,'4250','Lens-Saint-Servais'),(828,'4252','Omal'),(829,'4253','Darion'),(830,'4254','Ligney'),(831,'4257','BERLOZ'),(832,'4257','Corswarem'),(833,'4257','Rosoux-Crenwick'),(834,'4260','Avennes'),(835,'4260','BRAIVES'),(836,'4260','Ciplet'),(837,'4260','Fallais'),(838,'4260','Fumal'),(839,'4260','Ville-En-Hesbaye'),(840,'4261','Latinne'),(841,'4263','Tourinne'),(842,'4280','Abolens'),(843,'4280','Avernas-Le-Bauduin'),(844,'4280','Avin'),(845,'4280','Bertrée'),(846,'4280','Blehen'),(847,'4280','Cras-Avernas'),(848,'4280','Crehen'),(849,'4280','Grand-Hallet'),(850,'4280','HANNUT'),(851,'4280','Lens-Saint-Remy'),(852,'4280','Merdorp'),(853,'4280','Moxhe'),(854,'4280','Petit-Hallet'),(855,'4280','Poucet'),(856,'4280','Thisnes'),(857,'4280','Trognée'),(858,'4280','Villers-Le-Peuplier'),(859,'4280','Wansin'),(860,'4287','LINCENT'),(861,'4287','Pellaines'),(862,'4287','Racour'),(863,'4300','Bettincourt'),(864,'4300','Bleret'),(865,'4300','Bovenistier'),(866,'4300','Grand-Axhe'),(867,'4300','Lantremange'),(868,'4300','Oleye'),(869,'4300','WAREMME'),(870,'4317','Aineffe'),(871,'4317','Borlez'),(872,'4317','Celles'),(873,'4317','FAIMES'),(874,'4317','Les Waleffes'),(875,'4317','Viemme'),(876,'4340','AWANS'),(877,'4340','Fooz'),(878,'4340','Othée'),(879,'4340','Villers-L\'Evêque'),(880,'4342','Hognoul'),(881,'4347','FEXHE-LE-HAUT-CLOCHER'),(882,'4347','Freloux'),(883,'4347','Noville'),(884,'4347','Roloux'),(885,'4347','Voroux-Goreux'),(886,'4350','Lamine'),(887,'4350','Momalle'),(888,'4350','Pousset'),(889,'4350','REMICOURT'),(890,'4351','Hodeige'),(891,'4357','DONCEEL'),(892,'4357','Haneffe'),(893,'4357','Jeneffe'),(894,'4357','Limont'),(895,'4360','Bergilers'),(896,'4360','Grandville'),(897,'4360','Lens-Sur-Geer'),(898,'4360','OREYE'),(899,'4360','Otrange'),(900,'4367','CRISNÉE'),(901,'4367','Fize-Le-Marsal'),(902,'4367','Kemexhe'),(903,'4367','Odeur'),(904,'4367','Thys'),(905,'4400','Awirs'),(906,'4400','Chokier'),(907,'4400','FLÉMALLE'),(908,'4400','Flémalle-Grande'),(909,'4400','Flémalle-Haute'),(910,'4400','Gleixhe'),(911,'4400','Ivoz-Ramet'),(912,'4400','Mons-Lez-Liège'),(913,'4420','Montegnée'),(914,'4420','SAINT-NICOLAS'),(915,'4420','Tilleur'),(916,'4430','ANS'),(917,'4431','Loncin'),(918,'4432','Alleur'),(919,'4432','Xhendremael'),(920,'4450','JUPRELLE'),(921,'4450','Lantin'),(922,'4450','Slins'),(923,'4451','Voroux-Lez-Liers'),(924,'4452','Paifve'),(925,'4452','Wihogne'),(926,'4453','Villers-Saint-Siméon'),(927,'4458','Fexhe-Slins'),(928,'4460','Bierset'),(929,'4460','Grâce-Berleur'),(930,'4460','GRÂCE-HOLLOGNE'),(931,'4460','Hollogne-Aux-Pierres'),(932,'4460','Horion-Hozémont'),(933,'4460','Velroux'),(934,'4470','SAINT-GEORGES-SUR-MEUSE'),(935,'4480','Clermont-Sous-Huy'),(936,'4480','Ehein'),(937,'4480','ENGIS'),(938,'4480','Hermalle-Sous-Huy'),(939,'4500','Ben-Ahin'),(940,'4500','HUY'),(941,'4500','Tihange'),(942,'4520','Antheit'),(943,'4520','Bas-Oha'),(944,'4520','Huccorgne'),(945,'4520','Moha'),(946,'4520','Vinalmont'),(947,'4520','WANZE'),(948,'4530','Fize-Fontaine'),(949,'4530','Vaux-Et-Borset'),(950,'4530','Vieux-Waleffe'),(951,'4530','VILLERS-LE-BOUILLET'),(952,'4530','Warnant-Dreye'),(953,'4537','Bodegnée'),(954,'4537','Chapon-Seraing'),(955,'4537','Seraing-Le-Château'),(956,'4537','VERLAINE'),(957,'4540','AMAY'),(958,'4540','Ampsin'),(959,'4540','Flône'),(960,'4540','Jehay'),(961,'4540','Ombret'),(962,'4550','NANDRIN'),(963,'4550','Saint-Séverin'),(964,'4550','Villers-Le-Temple'),(965,'4550','Yernée-Fraineux'),(966,'4557','Abée'),(967,'4557','Fraiture'),(968,'4557','Ramelot'),(969,'4557','Seny'),(970,'4557','Soheit-Tinlot'),(971,'4557','TINLOT'),(972,'4560','Bois-Et-Borsu'),(973,'4560','CLAVIER'),(974,'4560','Les Avins'),(975,'4560','Ocquier'),(976,'4560','Pailhe'),(977,'4560','Terwagne'),(978,'4570','MARCHIN'),(979,'4570','Vyle-Et-Tharoul'),(980,'4577','MODAVE'),(981,'4577','Outrelouxhe'),(982,'4577','Strée-Lez-Huy'),(983,'4577','Vierset-Barse'),(984,'4590','Ellemelle'),(985,'4590','OUFFET'),(986,'4590','Warzée'),(987,'4600','Lanaye'),(988,'4600','Lixhe'),(989,'4600','Richelle'),(990,'4600','VISÉ'),(991,'4601','Argenteau'),(992,'4602','Cheratte'),(993,'4606','Saint-André'),(994,'4607','Berneau'),(995,'4607','Bombaye'),(996,'4607','DALHEM'),(997,'4607','Feneur'),(998,'4607','Mortroux'),(999,'4608','Neufchâteau'),(1000,'4608','Warsage'),(1001,'4610','Bellaire'),(1002,'4610','BEYNE-HEUSAY'),(1003,'4610','Queue-Du-Bois'),(1004,'4620','FLÉRON'),(1005,'4621','Retinne'),(1006,'4623','Magnée'),(1007,'4624','Romsée'),(1008,'4630','Ayeneux'),(1009,'4630','Micheroux'),(1010,'4630','SOUMAGNE'),(1011,'4630','Tignée'),(1012,'4631','Evegnée'),(1013,'4632','Cérexhe-Heuseux'),(1014,'4633','Melen'),(1015,'4650','Chaineux'),(1016,'4650','Grand-Rechain'),(1017,'4650','HERVE'),(1018,'4650','Julémont'),(1019,'4651','Battice'),(1020,'4652','Xhendelesse'),(1021,'4653','Bolland'),(1022,'4654','Charneux'),(1023,'4670','BLÉGNY'),(1024,'4670','Mortier'),(1025,'4670','Trembleur'),(1026,'4671','Barchon'),(1027,'4671','Housse'),(1028,'4671','Saive'),(1029,'4672','Saint-Remy'),(1030,'4680','Hermée'),(1031,'4680','OUPEYE'),(1032,'4681','Hermalle-Sous-Argenteau'),(1033,'4682','Heure-Le-Romain'),(1034,'4682','Houtain-Saint-Siméon'),(1035,'4683','Vivegnis'),(1036,'4684','Haccourt'),(1037,'4690','BASSENGE'),(1038,'4690','Boirs'),(1039,'4690','Eben-Emael'),(1040,'4690','Glons'),(1041,'4690','Roclenge-Sur-Geer'),(1042,'4690','Wonck'),(1043,'4700','EUPEN'),(1044,'4701','Kettenis'),(1045,'4710','LONTZEN'),(1046,'4711','Walhorn'),(1047,'4720','KELMIS'),(1048,'4721','Neu-Moresnet'),(1049,'4728','Hergenrath'),(1050,'4730','Hauset'),(1051,'4730','RAEREN'),(1052,'4731','Eynatten'),(1053,'4750','BUTGENBACH'),(1054,'4750','Elsenborn'),(1055,'4760','BÜLLINGEN'),(1056,'4760','Manderfeld'),(1057,'4761','Rocherath'),(1058,'4770','AMEL'),(1059,'4770','Meyerode'),(1060,'4771','Heppenbach'),(1061,'4780','Recht'),(1062,'4780','SANKT-VITH'),(1063,'4782','Schönberg'),(1064,'4783','Lommersweiler'),(1065,'4784','Crombach'),(1066,'4790','BURG-REULAND'),(1067,'4790','Reuland'),(1068,'4791','Thommen'),(1069,'4800','Ensival'),(1070,'4800','Lambermont'),(1071,'4800','Petit-Rechain'),(1072,'4800','Polleur'),(1073,'4800','VERVIERS'),(1074,'4801','Stembert'),(1075,'4802','Heusy'),(1076,'4820','DISON'),(1077,'4821','Andrimont'),(1078,'4830','LIMBOURG'),(1079,'4831','Bilstain'),(1080,'4834','Goé'),(1081,'4837','BAELEN'),(1082,'4837','Membach'),(1083,'4840','WELKENRAEDT'),(1084,'4841','Henri-Chapelle'),(1085,'4845','JALHAY'),(1086,'4845','Sart-Lez-Spa'),(1087,'4850','Montzen'),(1088,'4850','Moresnet'),(1089,'4850','PLOMBIÈRES'),(1090,'4851','Gemmenich'),(1091,'4851','Sippenaeken'),(1092,'4852','Hombourg'),(1093,'4860','Cornesse'),(1094,'4860','PEPINSTER'),(1095,'4860','Wegnez'),(1096,'4861','Soiron'),(1097,'4870','Forêt'),(1098,'4870','Fraipont'),(1099,'4870','Nessonvaux'),(1100,'4870','TROOZ'),(1101,'4877','OLNE'),(1102,'4880','AUBEL'),(1103,'4890','Clermont'),(1104,'4890','Thimister'),(1105,'4890','THIMISTER-CLERMONT'),(1106,'4900','SPA'),(1107,'4910','La Reid'),(1108,'4910','Polleur'),(1109,'4910','THEUX'),(1110,'4920','AYWAILLE'),(1111,'4920','Ernonheid'),(1112,'4920','Harzé'),(1113,'4920','Louveigné'),(1114,'4920','Sougné-Remouchamps'),(1115,'4950','Faymonville'),(1116,'4950','Robertville'),(1117,'4950','Sourbrodt'),(1118,'4950','WEISMES'),(1119,'4960','Bellevaux-Ligneuville'),(1120,'4960','Bevercé'),(1121,'4960','MALMEDY'),(1122,'4970','Francorchamps'),(1123,'4970','STAVELOT'),(1124,'4980','Fosse'),(1125,'4980','TROIS-PONTS'),(1126,'4980','Wanne'),(1127,'4983','Basse-Bodeux'),(1128,'4987','Chevron'),(1129,'4987','La Gleize'),(1130,'4987','Lorcé'),(1131,'4987','Rahier'),(1132,'4987','STOUMONT'),(1133,'4990','Arbrefontaine'),(1134,'4990','Bra'),(1135,'4990','LIERNEUX'),(1136,'5000','Beez'),(1137,'5000','NAMUR'),(1138,'5001','Belgrade'),(1139,'5002','Saint-Servais'),(1140,'5003','Saint-Marc'),(1141,'5004','Bouge'),(1142,'5020','Champion'),(1143,'5020','Daussoulx'),(1144,'5020','Flawinne'),(1145,'5020','Malonne'),(1146,'5020','Suarlée'),(1147,'5020','Temploux'),(1148,'5020','Vedrin'),(1149,'5021','Boninne'),(1150,'5022','Cognelée'),(1151,'5024','Gelbressée'),(1152,'5024','Marche-Les-Dames'),(1153,'5030','Beuzet'),(1154,'5030','Ernage'),(1155,'5030','GEMBLOUX'),(1156,'5030','Grand-Manil'),(1157,'5030','Lonzée'),(1158,'5030','Sauvenière'),(1159,'5031','Grand-Leez'),(1160,'5032','Bossière'),(1161,'5032','Bothey'),(1162,'5032','Corroy-Le-Château'),(1163,'5032','Isnes'),(1164,'5032','Mazy'),(1165,'5060','Arsimont'),(1166,'5060','Auvelais'),(1167,'5060','Falisolle'),(1168,'5060','Keumiée'),(1169,'5060','Moignelée'),(1170,'5060','SAMBREVILLE'),(1171,'5060','Tamines'),(1172,'5060','Velaine-Sur-Sambre'),(1173,'5070','Aisemont'),(1174,'5070','FOSSES-LA-VILLE'),(1175,'5070','Le Roux'),(1176,'5070','Sart-Eustache'),(1177,'5070','Sart-Saint-Laurent'),(1178,'5070','Vitrival'),(1179,'5080','Emines'),(1180,'5080','LA BRUYÈRE'),(1181,'5080','Rhisnes'),(1182,'5080','Villers-Lez-Heest'),(1183,'5080','Warisoulx'),(1184,'5081','Bovesse'),(1185,'5081','Meux'),(1186,'5081','Saint-Denis-Bovesse'),(1187,'5100','Dave'),(1188,'5100','Jambes'),(1189,'5100','Naninne'),(1190,'5100','Wépion'),(1191,'5100','Wierde'),(1192,'5101','Erpent'),(1193,'5101','Lives-Sur-Meuse'),(1194,'5101','Loyers'),(1195,'5140','Boignée'),(1196,'5140','Ligny'),(1197,'5140','SOMBREFFE'),(1198,'5140','Tongrinne'),(1199,'5150','FLOREFFE'),(1200,'5150','Floriffoux'),(1201,'5150','Franière'),(1202,'5150','Soye'),(1203,'5170','Arbre'),(1204,'5170','Bois-De-Villers'),(1205,'5170','Lesve'),(1206,'5170','Lustin'),(1207,'5170','PROFONDEVILLE'),(1208,'5170','Rivière'),(1209,'5190','Balâtre'),(1210,'5190','Ham-Sur-Sambre'),(1211,'5190','JEMEPPE-SUR-SAMBRE'),(1212,'5190','Mornimont'),(1213,'5190','Moustier-Sur-Sambre'),(1214,'5190','Onoz'),(1215,'5190','Saint-Martin'),(1216,'5190','Spy'),(1217,'5300','ANDENNE'),(1218,'5300','Bonneville'),(1219,'5300','Coutisse'),(1220,'5300','Landenne'),(1221,'5300','Maizeret'),(1222,'5300','Namêche'),(1223,'5300','Sclayn'),(1224,'5300','Seilles'),(1225,'5300','Thon'),(1226,'5300','Vezin'),(1227,'5310','Aische-En-Refail'),(1228,'5310','Bolinne'),(1229,'5310','Boneffe'),(1230,'5310','Branchon'),(1231,'5310','Dhuy'),(1232,'5310','EGHEZÉE'),(1233,'5310','Hanret'),(1234,'5310','Leuze'),(1235,'5310','Liernu'),(1236,'5310','Longchamps'),(1237,'5310','Mehaigne'),(1238,'5310','Noville-Sur-Méhaigne'),(1239,'5310','Saint-Germain'),(1240,'5310','Taviers'),(1241,'5310','Upigny'),(1242,'5310','Waret-La-Chaussée'),(1243,'5330','ASSESSE'),(1244,'5330','Maillen'),(1245,'5330','Sart-Bernard'),(1246,'5332','Crupet'),(1247,'5333','Sorinne-La-Longue'),(1248,'5334','Florée'),(1249,'5336','Courrière'),(1250,'5340','Faulx-Les-Tombes'),(1251,'5340','GESVES'),(1252,'5340','Haltinne'),(1253,'5340','Mozet'),(1254,'5340','Sorée'),(1255,'5350','Evelette'),(1256,'5350','OHEY'),(1257,'5351','Haillot'),(1258,'5352','Perwez-Haillot'),(1259,'5353','Goesnes'),(1260,'5354','Jallet'),(1261,'5360','HAMOIS'),(1262,'5360','Natoye'),(1263,'5361','Mohiville'),(1264,'5361','Scy'),(1265,'5362','Achet'),(1266,'5363','Emptinne'),(1267,'5364','Schaltin'),(1268,'5370','Barvaux-Condroz'),(1269,'5370','Flostoy'),(1270,'5370','HAVELANGE'),(1271,'5370','Jeneffe'),(1272,'5370','Porcheresse'),(1273,'5370','Verlée'),(1274,'5372','Méan'),(1275,'5374','Maffe'),(1276,'5376','Miécret'),(1277,'5377','Baillonville'),(1278,'5377','Bonsin'),(1279,'5377','Heure'),(1280,'5377','Hogne'),(1281,'5377','Nettinne'),(1282,'5377','Noiseux'),(1283,'5377','Sinsin'),(1284,'5377','SOMME-LEUZE'),(1285,'5377','Waillet'),(1286,'5380','Bierwart'),(1287,'5380','Cortil-Wodon'),(1288,'5380','FERNELMONT'),(1289,'5380','Forville'),(1290,'5380','Franc-Waret'),(1291,'5380','Hemptinne'),(1292,'5380','Hingeon'),(1293,'5380','Marchovelette'),(1294,'5380','Noville-Les-Bois'),(1295,'5380','Pontillas'),(1296,'5380','Tillier'),(1297,'5500','Anseremme'),(1298,'5500','Bouvignes-Sur-Meuse'),(1299,'5500','DINANT'),(1300,'5500','Dréhance'),(1301,'5500','Falmagne'),(1302,'5500','Falmignoul'),(1303,'5500','Furfooz'),(1304,'5501','Lisogne'),(1305,'5502','Thynes'),(1306,'5503','Sorinnes'),(1307,'5504','Foy-Notre-Dame'),(1308,'5520','Anthée'),(1309,'5520','ONHAYE'),(1310,'5521','Serville'),(1311,'5522','Falaen'),(1312,'5523','Sommière'),(1313,'5523','Weillen'),(1314,'5524','Gerin'),(1315,'5530','Dorinne'),(1316,'5530','Durnal'),(1317,'5530','Evrehailles'),(1318,'5530','Godinne'),(1319,'5530','Houx'),(1320,'5530','Mont'),(1321,'5530','Purnode'),(1322,'5530','Spontin'),(1323,'5530','YVOIR'),(1324,'5537','ANHÉE'),(1325,'5537','Annevoie-Rouillon'),(1326,'5537','Bioul'),(1327,'5537','Denée'),(1328,'5537','Haut-Le-Wastia'),(1329,'5537','Sosoye'),(1330,'5537','Warnant'),(1331,'5540','HASTIÈRE'),(1332,'5540','Hastière-Lavaux'),(1333,'5540','Hermeton-Sur-Meuse'),(1334,'5540','Waulsort'),(1335,'5541','Hastière-Par-Delà'),(1336,'5542','Blaimont'),(1337,'5543','Heer'),(1338,'5544','Agimont'),(1339,'5550','Alle'),(1340,'5550','Bagimont'),(1341,'5550','Bohan'),(1342,'5550','Chairière'),(1343,'5550','Laforet'),(1344,'5550','Membre'),(1345,'5550','Mouzaive'),(1346,'5550','Nafraiture'),(1347,'5550','Orchimont'),(1348,'5550','Pussemange'),(1349,'5550','Sugny'),(1350,'5550','VRESSE-SUR-SEMOIS'),(1351,'5555','Baillamont'),(1352,'5555','Bellefontaine'),(1353,'5555','BIÈVRE'),(1354,'5555','Cornimont'),(1355,'5555','Graide'),(1356,'5555','Gros-Fays'),(1357,'5555','Monceau-En-Ardenne'),(1358,'5555','Naomé'),(1359,'5555','Oizy'),(1360,'5555','Petit-Fays'),(1361,'5560','Ciergnon'),(1362,'5560','Finnevaux'),(1363,'5560','HOUYET'),(1364,'5560','Hulsonniaux'),(1365,'5560','Mesnil-Eglise'),(1366,'5560','Mesnil-Saint-Blaise'),(1367,'5561','Celles'),(1368,'5562','Custinne'),(1369,'5563','Hour'),(1370,'5564','Wanlin'),(1371,'5570','Baronville'),(1372,'5570','BEAURAING'),(1373,'5570','Dion'),(1374,'5570','Felenne'),(1375,'5570','Feschaux'),(1376,'5570','Honnay'),(1377,'5570','Javingue'),(1378,'5570','Vonêche'),(1379,'5570','Wancennes'),(1380,'5570','Winenne'),(1381,'5571','Wiesme'),(1382,'5572','Focant'),(1383,'5573','Martouzin-Neuville'),(1384,'5574','Pondrôme'),(1385,'5575','Bourseigne-Neuve'),(1386,'5575','Bourseigne-Vieille'),(1387,'5575','GEDINNE'),(1388,'5575','Houdremont'),(1389,'5575','Louette-Saint-Denis'),(1390,'5575','Louette-Saint-Pierre'),(1391,'5575','Malvoisin'),(1392,'5575','Patignies'),(1393,'5575','Rienne'),(1394,'5575','Sart-Custinne'),(1395,'5575','Vencimont'),(1396,'5575','Willerzie'),(1397,'5576','Froidfontaine'),(1398,'5580','Ave-Et-Auffe'),(1399,'5580','Buissonville'),(1400,'5580','Eprave'),(1401,'5580','Han-Sur-Lesse'),(1402,'5580','Jemelle'),(1403,'5580','Lavaux-Saint-Anne'),(1404,'5580','Lessive'),(1405,'5580','Mont-Gauthier'),(1406,'5580','ROCHEFORT'),(1407,'5580','Villers-Sur-Lesse'),(1408,'5580','Wavreille'),(1409,'5590','Achêne'),(1410,'5590','Braibant'),(1411,'5590','Chevetogne'),(1412,'5590','CINEY'),(1413,'5590','Conneux'),(1414,'5590','Haversin'),(1415,'5590','Leignon'),(1416,'5590','Pessoux'),(1417,'5590','Serinchamps'),(1418,'5590','Sovet'),(1419,'5600','Fagnolle'),(1420,'5600','Franchimont'),(1421,'5600','Jamagne'),(1422,'5600','Jamiolle'),(1423,'5600','Merlemont'),(1424,'5600','Neuville'),(1425,'5600','Omezée'),(1426,'5600','PHILIPPEVILLE'),(1427,'5600','Roly'),(1428,'5600','Romedenne'),(1429,'5600','Samart'),(1430,'5600','Sart-En-Fagne'),(1431,'5600','Sautour'),(1432,'5600','Surice'),(1433,'5600','Villers-En-Fagne'),(1434,'5600','Villers-Le-Gambon'),(1435,'5600','Vodecée'),(1436,'5620','Corenne'),(1437,'5620','Flavion'),(1438,'5620','FLORENNES'),(1439,'5620','Hemptinne-Lez-Florennes'),(1440,'5620','Morville'),(1441,'5620','Rosée'),(1442,'5620','Saint-Aubin'),(1443,'5621','Hanzinelle'),(1444,'5621','Hanzinne'),(1445,'5621','Morialmé'),(1446,'5621','Thy-Le-Baudouin'),(1447,'5630','CERFONTAINE'),(1448,'5630','Daussois'),(1449,'5630','Senzeille'),(1450,'5630','Silenrieux'),(1451,'5630','Soumoy'),(1452,'5630','Villers-Deux-Eglises'),(1453,'5640','Biesme'),(1454,'5640','Biesmerée'),(1455,'5640','Graux'),(1456,'5640','METTET'),(1457,'5640','Oret'),(1458,'5640','Saint-Gérard'),(1459,'5641','Furnaux'),(1460,'5644','Ermeton-Sur-Biert'),(1461,'5646','Stave'),(1462,'5650','Castillon'),(1463,'5650','Chastrès'),(1464,'5650','Clermont'),(1465,'5650','Fontenelle'),(1466,'5650','Fraire'),(1467,'5650','Pry'),(1468,'5650','Vogenée'),(1469,'5650','WALCOURT'),(1470,'5650','Yves-Gomezée'),(1471,'5651','Berzée'),(1472,'5651','Gourdinne'),(1473,'5651','Laneffe'),(1474,'5651','Rognée'),(1475,'5651','Somzée'),(1476,'5651','Tarcienne'),(1477,'5651','Thy-Le-Château'),(1478,'5660','Aublain'),(1479,'5660','Boussu-En-Fagne'),(1480,'5660','Brûly'),(1481,'5660','Brûly-De-Pesche'),(1482,'5660','COUVIN'),(1483,'5660','Cul-Des-Sarts'),(1484,'5660','Dailly'),(1485,'5660','Frasnes'),(1486,'5660','Gonrieux'),(1487,'5660','Mariembourg'),(1488,'5660','Pesche'),(1489,'5660','Petigny'),(1490,'5660','Petite-Chapelle'),(1491,'5660','Presgaux'),(1492,'5670','Dourbes'),(1493,'5670','Le Mesnil'),(1494,'5670','Mazée'),(1495,'5670','Nismes'),(1496,'5670','Oignies-En-Thiérache'),(1497,'5670','Olloy-Sur-Viroin'),(1498,'5670','Treignes'),(1499,'5670','Vierves-Sur-Viroin'),(1500,'5670','VIROINVAL'),(1501,'5680','DOISCHE'),(1502,'5680','Gimnée'),(1503,'5680','Gochenée'),(1504,'5680','Matagne-La-Grande'),(1505,'5680','Matagne-La-Petite'),(1506,'5680','Niverlée'),(1507,'5680','Romerée'),(1508,'5680','Soulme'),(1509,'5680','Vaucelles'),(1510,'5680','Vodelée'),(1511,'6000','CHARLEROI'),(1512,'6001','Marcinelle'),(1513,'6010','Couillet'),(1514,'6020','Dampremy'),(1515,'6030','Goutroux'),(1516,'6030','Marchienne-Au-Pont'),(1517,'6031','Monceau-Sur-Sambre'),(1518,'6032','Mont-Sur-Marchienne'),(1519,'6040','Jumet'),(1520,'6041','Gosselies'),(1521,'6042','Lodelinsart'),(1522,'6043','Ransart'),(1523,'6044','Roux'),(1524,'6060','Gilly'),(1525,'6061','Montignies-Sur-Sambre'),(1526,'6110','MONTIGNY-LE-TILLEUL'),(1527,'6111','Landelies'),(1528,'6120','Cour-Sur-Heure'),(1529,'6120','HAM-SUR-HEURE'),(1530,'6120','Jamioulx'),(1531,'6120','Marbaix'),(1532,'6120','Nalinnes'),(1533,'6140','FONTAINE-L\'EVÊQUE'),(1534,'6141','Forchies-La-Marche'),(1535,'6142','Leernes'),(1536,'6150','ANDERLUES'),(1537,'6180','COURCELLES'),(1538,'6181','Gouy-Lez-Piéton'),(1539,'6182','Souvret'),(1540,'6183','Trazegnies'),(1541,'6200','Bouffioulx'),(1542,'6200','CHÂTELET'),(1543,'6200','Châtelineau'),(1544,'6210','Frasnes-Lez-Gosselies'),(1545,'6210','LES BONS VILLERS'),(1546,'6210','Rèves'),(1547,'6210','Villers-Perwin'),(1548,'6210','Wayaux'),(1549,'6211','Mellet'),(1550,'6220','FLEURUS'),(1551,'6220','Heppignies'),(1552,'6220','Lambusart'),(1553,'6220','Wangenies'),(1554,'6221','Saint-Amand'),(1555,'6222','Brye'),(1556,'6223','Wagnelée'),(1557,'6224','Wanfercée-Baulet'),(1558,'6230','Buzet'),(1559,'6230','Obaix'),(1560,'6230','PONT-À-CELLES'),(1561,'6230','Thiméon'),(1562,'6230','Viesville'),(1563,'6238','Liberchies'),(1564,'6238','Luttre'),(1565,'6240','FARCIENNES'),(1566,'6240','Pironchamps'),(1567,'6250','Aiseau'),(1568,'6250','AISEAU-PRESLES'),(1569,'6250','Pont-De-Loup'),(1570,'6250','Presles'),(1571,'6250','Roselies'),(1572,'6280','Acoz'),(1573,'6280','GERPINNES'),(1574,'6280','Gougnies'),(1575,'6280','Joncret'),(1576,'6280','Loverval'),(1577,'6280','Villers-Poterie'),(1578,'6440','Boussu-Lez-Walcourt'),(1579,'6440','Fourbechies'),(1580,'6440','FROIDCHAPELLE'),(1581,'6440','Vergnies'),(1582,'6441','Erpion'),(1583,'6460','Bailièvre'),(1584,'6460','CHIMAY'),(1585,'6460','Robechies'),(1586,'6460','Saint-Remy'),(1587,'6460','Salles'),(1588,'6460','Villers-La-Tour'),(1589,'6461','Virelles'),(1590,'6462','Vaulx-Lez-Chimay'),(1591,'6463','Lompret'),(1592,'6464','Baileux'),(1593,'6464','Bourlers'),(1594,'6464','Forges'),(1595,'6464','L\'Escaillère'),(1596,'6464','Rièzes'),(1597,'6470','Grandrieu'),(1598,'6470','Montbliart'),(1599,'6470','Rance'),(1600,'6470','Sautin'),(1601,'6470','Sivry'),(1602,'6470','SIVRY-RANCE'),(1603,'6500','Barbençon'),(1604,'6500','BEAUMONT'),(1605,'6500','Leugnies'),(1606,'6500','Leval-Chaudeville'),(1607,'6500','Renlies'),(1608,'6500','Solre-Saint-Géry'),(1609,'6500','Thirimont'),(1610,'6511','Strée'),(1611,'6530','Leers-Et-Fosteau'),(1612,'6530','THUIN'),(1613,'6531','Biesme-Sous-Thuin'),(1614,'6532','Ragnies'),(1615,'6533','Biercée'),(1616,'6534','Gozée'),(1617,'6536','Donstiennes'),(1618,'6536','Thuillies'),(1619,'6540','LOBBES'),(1620,'6540','Mont-Sainte-Geneviève'),(1621,'6542','Sars-La-Buissière'),(1622,'6543','Bienne-Lez-Happart'),(1623,'6560','Bersillies-L\'Abbaye'),(1624,'6560','ERQUELINNES'),(1625,'6560','Grand-Reng'),(1626,'6560','Hantes-Wihéries'),(1627,'6560','Montignies-Saint-Christophe'),(1628,'6560','Solre-Sur-Sambre'),(1629,'6567','Fontaine-Valmont'),(1630,'6567','Labuissière'),(1631,'6567','MERBES-LE-CHÂTEAU'),(1632,'6567','Merbes-Sainte-Marie'),(1633,'6590','MOMIGNIES'),(1634,'6591','Macon'),(1635,'6592','Monceau-Imbrechies'),(1636,'6593','Macquenoise'),(1637,'6594','Beauwelz'),(1638,'6596','Forge-Philippe'),(1639,'6596','Seloignes'),(1640,'6600','BASTOGNE'),(1641,'6600','Longvilly'),(1642,'6600','Noville'),(1643,'6600','Villers-La-Bonne-Eau'),(1644,'6600','Wardin'),(1645,'6630','MARTELANGE'),(1646,'6637','FAUVILLERS'),(1647,'6637','Hollange'),(1648,'6637','Tintange'),(1649,'6640','Hompré'),(1650,'6640','Morhet'),(1651,'6640','Nives'),(1652,'6640','Sibret'),(1653,'6640','Vaux-Lez-Rosières'),(1654,'6640','VAUX-SUR-SÛRE'),(1655,'6642','Juseret'),(1656,'6660','HOUFFALIZE'),(1657,'6660','Nadrin'),(1658,'6661','Mont'),(1659,'6661','Tailles'),(1660,'6662','Tavigny'),(1661,'6663','Mabompré'),(1662,'6666','Wibrin'),(1663,'6670','GOUVY'),(1664,'6670','Limerlé'),(1665,'6671','Bovigny'),(1666,'6672','Beho'),(1667,'6673','Cherain'),(1668,'6674','Montleban'),(1669,'6680','Amberloup'),(1670,'6680','SAINTE-ODE'),(1671,'6680','Tillet'),(1672,'6681','Lavacherie'),(1673,'6686','Flamierge'),(1674,'6687','BERTOGNE'),(1675,'6688','Longchamps'),(1676,'6690','Bihain'),(1677,'6690','VIELSALM'),(1678,'6692','Petit-Thier'),(1679,'6698','Grand-Halleux'),(1680,'6700','ARLON'),(1681,'6700','Bonnert'),(1682,'6700','Heinsch'),(1683,'6700','Toernich'),(1684,'6704','Guirsch'),(1685,'6706','Autelbas'),(1686,'6717','ATTERT'),(1687,'6717','Nobressart'),(1688,'6717','Nothomb'),(1689,'6717','Thiaumont'),(1690,'6717','Tontelange'),(1691,'6720','HABAY'),(1692,'6720','Habay-La-Neuve'),(1693,'6720','Hachy'),(1694,'6721','Anlier'),(1695,'6723','Habay-La-Vieille'),(1696,'6724','Houdemont'),(1697,'6724','Rulles'),(1698,'6730','Bellefontaine'),(1699,'6730','Rossignol'),(1700,'6730','Saint-Vincent'),(1701,'6730','TINTIGNY'),(1702,'6740','ETALLE'),(1703,'6740','Sainte-Marie-Sur-Semois'),(1704,'6740','Villers-Sur-Semois'),(1705,'6741','Vance'),(1706,'6742','Chantemelle'),(1707,'6743','Buzenol'),(1708,'6747','Châtillon'),(1709,'6747','Meix-Le-Tige'),(1710,'6747','SAINT-LÉGER'),(1711,'6750','MUSSON'),(1712,'6750','Mussy-La-Ville'),(1713,'6750','Signeulx'),(1714,'6760','Bleid'),(1715,'6760','Ethe'),(1716,'6760','Ruette'),(1717,'6760','VIRTON'),(1718,'6761','Latour'),(1719,'6762','Saint-Mard'),(1720,'6767','Dampicourt'),(1721,'6767','Harnoncourt'),(1722,'6767','Lamorteau'),(1723,'6767','ROUVROY'),(1724,'6767','Torgny'),(1725,'6769','Gérouville'),(1726,'6769','MEIX-DEVANT-VIRTON'),(1727,'6769','Robelmont'),(1728,'6769','Sommethonne'),(1729,'6769','Villers-La-Loue'),(1730,'6780','Hondelange'),(1731,'6780','MESSANCY'),(1732,'6780','Wolkrange'),(1733,'6781','Sélange'),(1734,'6782','Habergy'),(1735,'6790','AUBANGE'),(1736,'6791','Athus'),(1737,'6792','Halanzy'),(1738,'6792','Rachecourt'),(1739,'6800','Bras'),(1740,'6800','Freux'),(1741,'6800','LIBRAMONT-CHEVIGNY'),(1742,'6800','Moircy'),(1743,'6800','Recogne'),(1744,'6800','Remagne'),(1745,'6800','Saint-Pierre'),(1746,'6800','Sainte-Marie-Chevigny'),(1747,'6810','CHINY'),(1748,'6810','Izel'),(1749,'6810','Jamoigne'),(1750,'6811','Les Bulles'),(1751,'6812','Suxy'),(1752,'6813','Termes'),(1753,'6820','FLORENVILLE'),(1754,'6820','Fontenoille'),(1755,'6820','Muno'),(1756,'6820','Sainte-Cécile'),(1757,'6821','Lacuisine'),(1758,'6823','Villers-Devant-Orval'),(1759,'6824','Chassepierre'),(1760,'6830','BOUILLON'),(1761,'6830','Les Hayons'),(1762,'6830','Poupehan'),(1763,'6830','Rochehaut'),(1764,'6831','Noirfontaine'),(1765,'6832','Sensenruth'),(1766,'6833','Ucimont'),(1767,'6833','Vivy'),(1768,'6834','Bellevaux'),(1769,'6836','Dohan'),(1770,'6838','Corbion'),(1771,'6840','Grandvoir'),(1772,'6840','Grapfontaine'),(1773,'6840','Hamipré'),(1774,'6840','Longlier'),(1775,'6840','NEUFCHÂTEAU'),(1776,'6840','Tournay'),(1777,'6850','Carlsbourg'),(1778,'6850','Offagne'),(1779,'6850','PALISEUL'),(1780,'6851','Nollevaux'),(1781,'6852','Maissin'),(1782,'6852','Opont'),(1783,'6853','Framont'),(1784,'6856','Fays-Les-Veneurs'),(1785,'6860','Assenois'),(1786,'6860','Ebly'),(1787,'6860','LÉGLISE'),(1788,'6860','Mellier'),(1789,'6860','Witry'),(1790,'6870','Arville'),(1791,'6870','Awenne'),(1792,'6870','Hatrival'),(1793,'6870','Mirwart'),(1794,'6870','SAINT-HUBERT'),(1795,'6870','Vesqueville'),(1796,'6880','Auby-Sur-Semois'),(1797,'6880','BERTRIX'),(1798,'6880','Cugnon'),(1799,'6880','Jehonville'),(1800,'6880','Orgeo'),(1801,'6887','HERBEUMONT'),(1802,'6887','Saint-Médard'),(1803,'6887','Straimont'),(1804,'6890','Anloy'),(1805,'6890','LIBIN'),(1806,'6890','Ochamps'),(1807,'6890','Redu'),(1808,'6890','Smuid'),(1809,'6890','Transinne'),(1810,'6890','Villance'),(1811,'6900','Aye'),(1812,'6900','Hargimont'),(1813,'6900','Humain'),(1814,'6900','MARCHE-EN-FAMENNE'),(1815,'6900','On'),(1816,'6900','Roy'),(1817,'6900','Waha'),(1818,'6920','Sohier'),(1819,'6920','WELLIN'),(1820,'6921','Chanly'),(1821,'6922','Halma'),(1822,'6924','Lomprez'),(1823,'6927','Bure'),(1824,'6927','Grupont'),(1825,'6927','Resteigne'),(1826,'6927','TELLIN'),(1827,'6929','DAVERDISSE'),(1828,'6929','Gembes'),(1829,'6929','Haut-Fays'),(1830,'6929','Porcheresse'),(1831,'6940','Barvaux-Sur-Ourthe'),(1832,'6940','DURBUY'),(1833,'6940','Grandhan'),(1834,'6940','Septon'),(1835,'6940','Wéris'),(1836,'6941','Bende'),(1837,'6941','Bomal-Sur-Ourthe'),(1838,'6941','Borlon'),(1839,'6941','Heyd'),(1840,'6941','Izier'),(1841,'6941','Tohogne'),(1842,'6941','Villers-Sainte-Gertrude'),(1843,'6950','Harsin'),(1844,'6950','NASSOGNE'),(1845,'6951','Bande'),(1846,'6952','Grune'),(1847,'6953','Ambly'),(1848,'6953','Forrières'),(1849,'6953','Lesterny'),(1850,'6953','Masbourg'),(1851,'6960','Dochamps'),(1852,'6960','Grandmenil'),(1853,'6960','Harre'),(1854,'6960','Malempré'),(1855,'6960','MANHAY'),(1856,'6960','Odeigne'),(1857,'6960','Vaux-Chavanne'),(1858,'6970','TENNEVILLE'),(1859,'6971','Champlon'),(1860,'6972','Erneuville'),(1861,'6980','Beausaint'),(1862,'6980','LA ROCHE-EN-ARDENNE'),(1863,'6982','Samrée'),(1864,'6983','Ortho'),(1865,'6984','Hives'),(1866,'6986','Halleux'),(1867,'6987','Beffe'),(1868,'6987','Hodister'),(1869,'6987','Marcourt'),(1870,'6987','RENDEUX'),(1871,'6990','Fronville'),(1872,'6990','Hampteau'),(1873,'6990','HOTTON'),(1874,'6990','Marenne'),(1875,'6997','Amonines'),(1876,'6997','EREZÉE'),(1877,'6997','Mormont'),(1878,'6997','Soy'),(1879,'7000','MONS'),(1880,'7011','Ghlin'),(1881,'7012','Flénu'),(1882,'7012','Jemappes'),(1883,'7020','Maisières'),(1884,'7020','Nimy'),(1885,'7021','Havre'),(1886,'7022','Harmignies'),(1887,'7022','Harveng'),(1888,'7022','Hyon'),(1889,'7022','Mesvin'),(1890,'7022','Nouvelles'),(1891,'7024','Ciply'),(1892,'7030','Saint-Symphorien'),(1893,'7031','Villers-Saint-Ghislain'),(1894,'7032','Spiennes'),(1895,'7033','Cuesmes'),(1896,'7034','Obourg'),(1897,'7034','Saint-Denis'),(1898,'7040','Asquillies'),(1899,'7040','Aulnois'),(1900,'7040','Blaregnies'),(1901,'7040','Bougnies'),(1902,'7040','Genly'),(1903,'7040','Goegnies-Chaussée'),(1904,'7040','QUÉVY'),(1905,'7040','Quévy-Le-Grand'),(1906,'7040','Quévy-Le-Petit'),(1907,'7041','Givry'),(1908,'7041','Havay'),(1909,'7050','Erbaut'),(1910,'7050','Erbisoeul'),(1911,'7050','Herchies'),(1912,'7050','JURBISE'),(1913,'7050','Masnuy-Saint-Jean'),(1914,'7050','Masnuy-Saint-Pierre'),(1915,'7060','Horrues'),(1916,'7060','SOIGNIES'),(1917,'7061','Casteau'),(1918,'7061','Thieusies'),(1919,'7062','Naast'),(1920,'7063','Chaussée-Notre-Dame-Louvignies'),(1921,'7063','Neufvilles'),(1922,'7070','Gottignies'),(1923,'7070','LE ROEULX'),(1924,'7070','Mignault'),(1925,'7070','Thieu'),(1926,'7070','Ville-Sur-Haine'),(1927,'7080','Eugies'),(1928,'7080','FRAMERIES'),(1929,'7080','La Bouverie'),(1930,'7080','Noirchain'),(1931,'7080','Sars-La-Bruyère'),(1932,'7090','BRAINE-LE-COMTE'),(1933,'7090','Hennuyères'),(1934,'7090','Henripont'),(1935,'7090','Petit-Roeulx-Lez-Braine'),(1936,'7090','Ronquières'),(1937,'7090','Steenkerque'),(1938,'7100','Haine-Saint-Paul'),(1939,'7100','Haine-Saint-Pierre'),(1940,'7100','LA LOUVIÈRE'),(1941,'7100','Saint-Vaast'),(1942,'7100','Trivières'),(1943,'7110','Boussoit'),(1944,'7110','Houdeng-Aimeries'),(1945,'7110','Houdeng-Goegnies'),(1946,'7110','Maurage'),(1947,'7110','Strépy-Bracquegnies'),(1948,'7120','Croix-Lez-Rouveroy'),(1949,'7120','ESTINNES'),(1950,'7120','Estinnes-Au-Mont'),(1951,'7120','Estinnes-Au-Val'),(1952,'7120','Fauroeulx'),(1953,'7120','Haulchin'),(1954,'7120','Peissant'),(1955,'7120','Rouveroy'),(1956,'7120','Vellereille-Le-Sec'),(1957,'7120','Vellereille-Les-Brayeux'),(1958,'7130','Battignies'),(1959,'7130','BINCHE'),(1960,'7130','Bray'),(1961,'7131','Waudrez'),(1962,'7133','Buvrinnes'),(1963,'7134','Epinois'),(1964,'7134','Leval-Trahegnies'),(1965,'7134','Péronnes-Lez-Binche'),(1966,'7134','Ressaix'),(1967,'7140','MORLANWELZ'),(1968,'7140','Morlanwelz-Mariemont'),(1969,'7141','Carnières'),(1970,'7141','Mont-Sainte-Aldegonde'),(1971,'7160','CHAPELLE-LEZ-HERLAIMONT'),(1972,'7160','Godarville'),(1973,'7160','Piéton'),(1974,'7170','Bellecourt'),(1975,'7170','Bois-D\'Haine'),(1976,'7170','Fayt-Lez-Manage'),(1977,'7170','La Hestre'),(1978,'7170','MANAGE'),(1979,'7180','SENEFFE'),(1980,'7181','Arquennes'),(1981,'7181','Familleureux'),(1982,'7181','Feluy'),(1983,'7181','Petit-Roeulx-Lez-Nivelles'),(1984,'7190','ECAUSSINNES'),(1985,'7190','Ecaussinnes-D\'Enghien'),(1986,'7190','Marche-Lez-Ecaussinnes'),(1987,'7191','Ecaussinnes-Lalaing'),(1988,'7300','BOUSSU'),(1989,'7301','Hornu'),(1990,'7320','BERNISSART'),(1991,'7321','Blaton'),(1992,'7321','Harchies'),(1993,'7322','Pommeroeul'),(1994,'7322','Ville-Pommeroeul'),(1995,'7330','SAINT-GHISLAIN'),(1996,'7331','Baudour'),(1997,'7332','Neufmaison'),(1998,'7332','Sirault'),(1999,'7333','Tertre'),(2000,'7334','Hautrage'),(2001,'7334','Villerot'),(2002,'7340','COLFONTAINE'),(2003,'7340','Paturages'),(2004,'7340','Warquignies'),(2005,'7340','Wasmes'),(2006,'7350','Hainin'),(2007,'7350','HENSIES'),(2008,'7350','Montroeul-Sur-Haine'),(2009,'7350','Thulin'),(2010,'7370','Blaugies'),(2011,'7370','DOUR'),(2012,'7370','Elouges'),(2013,'7370','Wihéries'),(2014,'7380','Baisieux'),(2015,'7380','QUIÉVRAIN'),(2016,'7382','Audregnies'),(2017,'7387','Angre'),(2018,'7387','Angreau'),(2019,'7387','Athis'),(2020,'7387','Autreppe'),(2021,'7387','Erquennes'),(2022,'7387','Fayt-Le-Franc'),(2023,'7387','HONNELLES'),(2024,'7387','Marchipont'),(2025,'7387','Montignies-Sur-Roc'),(2026,'7387','Onnezies'),(2027,'7387','Roisin'),(2028,'7390','QUAREGNON'),(2029,'7390','Wasmuel'),(2030,'7500','Ere'),(2031,'7500','Saint-Maur'),(2032,'7500','TOURNAI'),(2033,'7501','Orcq'),(2034,'7502','Esplechin'),(2035,'7503','Froyennes'),(2036,'7504','Froidmont'),(2037,'7506','Willemeau'),(2038,'7520','Ramegnies-Chin'),(2039,'7520','Templeuve'),(2040,'7521','Chercq'),(2041,'7522','Blandain'),(2042,'7522','Hertain'),(2043,'7522','Lamain'),(2044,'7522','Marquain'),(2045,'7530','Gaurain-Ramecroix'),(2046,'7531','Havinnes'),(2047,'7532','Beclers'),(2048,'7533','Thimougies'),(2049,'7534','Barry'),(2050,'7534','Maulde'),(2051,'7536','Vaulx'),(2052,'7538','Vezon'),(2053,'7540','Kain'),(2054,'7540','Melles'),(2055,'7540','Quartes'),(2056,'7540','Rumillies'),(2057,'7542','Mont-Saint-Aubert'),(2058,'7543','Mourcourt'),(2059,'7548','Warchin'),(2060,'7600','PÉRUWELZ'),(2061,'7601','Roucourt'),(2062,'7602','Bury'),(2063,'7603','Bon-Secours'),(2064,'7604','Baugnies'),(2065,'7604','Braffe'),(2066,'7604','Brasmenil'),(2067,'7604','Callenelle'),(2068,'7604','Wasmes-Audemez-Briffoeil'),(2069,'7608','Wiers'),(2070,'7610','RUMES'),(2071,'7611','La Glanerie'),(2072,'7618','Taintignies'),(2073,'7620','Bléharies'),(2074,'7620','BRUNEHAUT'),(2075,'7620','Guignies'),(2076,'7620','Hollain'),(2077,'7620','Jollain-Merlin'),(2078,'7620','Wez-Velvain'),(2079,'7621','Lesdain'),(2080,'7622','Laplaigne'),(2081,'7623','Rongy'),(2082,'7624','Howardries'),(2083,'7640','ANTOING'),(2084,'7640','Maubray'),(2085,'7640','Péronnes-Lez-Antoing'),(2086,'7641','Bruyelle'),(2087,'7642','Calonne'),(2088,'7643','Fontenoy'),(2089,'7700','Luingne'),(2090,'7700','MOESKROEN'),(2091,'7711','Dottenijs'),(2092,'7712','Herseaux'),(2093,'7730','Bailleul'),(2094,'7730','Estaimbourg'),(2095,'7730','ESTAIMPUIS'),(2096,'7730','Evregnies'),(2097,'7730','Leers-Nord'),(2098,'7730','Néchin'),(2099,'7730','Saint-Léger'),(2100,'7740','PECQ'),(2101,'7740','Warcoing'),(2102,'7742','Hérinnes-Lez-Pecq'),(2103,'7743','Esquelmes'),(2104,'7743','Obigies'),(2105,'7750','Amougies'),(2106,'7750','Anseroeul'),(2107,'7750','MONT-DE-L\'ENCLUS'),(2108,'7750','Orroir'),(2109,'7750','Russeignies'),(2110,'7760','CELLES'),(2111,'7760','Escanaffles'),(2112,'7760','Molenbaix'),(2113,'7760','Popuelles'),(2114,'7760','Pottes'),(2115,'7760','Velaines'),(2116,'7780','Komen'),(2117,'7780','KOMEN-WAASTEN'),(2118,'7781','Houthem'),(2119,'7782','Ploegsteert'),(2120,'7783','Bizet'),(2121,'7784','Neerwaasten'),(2122,'7784','Waasten'),(2123,'7800','ATH'),(2124,'7800','Lanquesaint'),(2125,'7801','Irchonwelz'),(2126,'7802','Ormeignies'),(2127,'7803','Bouvignies'),(2128,'7804','Ostiches'),(2129,'7804','Rebaix'),(2130,'7810','Maffle'),(2131,'7811','Arbre'),(2132,'7812','Houtaing'),(2133,'7812','Ligne'),(2134,'7812','Mainvault'),(2135,'7812','Moulbaix'),(2136,'7812','Villers-Notre-Dame'),(2137,'7812','Villers-Saint-Amand'),(2138,'7822','Ghislenghien'),(2139,'7822','Isières'),(2140,'7822','Meslin-L\'Evêque'),(2141,'7823','Gibecq'),(2142,'7830','Bassilly'),(2143,'7830','Fouleng'),(2144,'7830','Gondregnies'),(2145,'7830','Graty'),(2146,'7830','Hellebecq'),(2147,'7830','Hoves'),(2148,'7830','SILLY'),(2149,'7830','Thoricourt'),(2150,'7850','EDINGEN'),(2151,'7850','Lettelingen'),(2152,'7850','Mark'),(2153,'7860','LESSINES'),(2154,'7861','Papignies'),(2155,'7861','Wannebecq'),(2156,'7862','Ogy'),(2157,'7863','Ghoy'),(2158,'7864','Deux-Acren'),(2159,'7866','Bois-De-Lessines'),(2160,'7866','Ollignies'),(2161,'7870','Bauffe'),(2162,'7870','Cambron-Saint-Vincent'),(2163,'7870','LENS'),(2164,'7870','Lombise'),(2165,'7870','Montignies-Lez-Lens'),(2166,'7880','VLOESBERG'),(2167,'7890','ELLEZELLES'),(2168,'7890','Lahamaide'),(2169,'7890','Wodecq'),(2170,'7900','Grandmetz'),(2171,'7900','LEUZE-EN-HAINAUT'),(2172,'7901','Thieulain'),(2173,'7903','Blicquy'),(2174,'7903','Chapelle-À-Oie'),(2175,'7903','Chapelle-À-Wattines'),(2176,'7904','Pipaix'),(2177,'7904','Tourpes'),(2178,'7904','Willaupuis'),(2179,'7906','Gallaix'),(2180,'7910','Anvaing'),(2181,'7910','Arc-Ainières'),(2182,'7910','Arc-Wattripont'),(2183,'7910','Cordes'),(2184,'7910','Ellignies-Lez-Frasnes'),(2185,'7910','Forest'),(2186,'7910','FRASNES-LEZ-ANVAING'),(2187,'7910','Wattripont'),(2188,'7911','Buissenal'),(2189,'7911','Frasnes-Lez-Buissenal'),(2190,'7911','Hacquegnies'),(2191,'7911','Herquegies'),(2192,'7911','Montroeul-Au-Bois'),(2193,'7911','Moustier'),(2194,'7911','Oeudeghien'),(2195,'7912','Dergneau'),(2196,'7912','Saint-Sauveur'),(2197,'7940','BRUGELETTE'),(2198,'7940','Cambron-Casteau'),(2199,'7941','Attre'),(2200,'7942','Mévergnies-Lez-Lens'),(2201,'7943','Gages'),(2202,'7950','CHIÈVRES'),(2203,'7950','Grosage'),(2204,'7950','Huissignies'),(2205,'7950','Ladeuze'),(2206,'7950','Tongre-Saint-Martin'),(2207,'7951','Tongre-Notre-Dame'),(2208,'7970','BELOEIL'),(2209,'7971','Basècles'),(2210,'7971','Ramegnies'),(2211,'7971','Thumaide'),(2212,'7971','Wadelincourt'),(2213,'7972','Aubechies'),(2214,'7972','Ellignies-Saint-Anne'),(2215,'7972','Quevaucamps'),(2216,'7973','Grandglise'),(2217,'7973','Stambruges'),(2218,'8000','BRUGGE'),(2219,'8000','Koolkerke'),(2220,'8020','Hertsberge'),(2221,'8020','OOSTKAMP'),(2222,'8020','Ruddervoorde'),(2223,'8020','Waardamme'),(2224,'8200','Sint-Andries'),(2225,'8200','Sint-Michiels'),(2226,'8210','Loppem'),(2227,'8210','Veldegem'),(2228,'8210','ZEDELGEM'),(2229,'8211','Aartrijke'),(2230,'8300','Knokke'),(2231,'8300','KNOKKE-HEIST'),(2232,'8300','Westkapelle'),(2233,'8301','Heist-Aan-Zee'),(2234,'8301','Ramskapelle'),(2235,'8310','Assebroek'),(2236,'8310','Sint-Kruis'),(2237,'8340','DAMME'),(2238,'8340','Hoeke'),(2239,'8340','Lapscheure'),(2240,'8340','Moerkerke'),(2241,'8340','Oostkerke'),(2242,'8340','Sijsele'),(2243,'8370','BLANKENBERGE'),(2244,'8370','Uitkerke'),(2245,'8377','Houtave'),(2246,'8377','Meetkerke'),(2247,'8377','Nieuwmunster'),(2248,'8377','ZUIENKERKE'),(2249,'8380','Dudzele'),(2250,'8380','Lissewege'),(2251,'8380','Zeebrugge'),(2252,'8400','OOSTENDE'),(2253,'8400','Stene'),(2254,'8400','Zandvoorde'),(2255,'8420','DE HAAN'),(2256,'8420','Klemskerke'),(2257,'8420','Wenduine'),(2258,'8421','Vlissegem'),(2259,'8430','MIDDELKERKE'),(2260,'8431','Wilskerke'),(2261,'8432','Leffinge'),(2262,'8433','Mannekensvere'),(2263,'8433','Schore'),(2264,'8433','Sint-Pieters-Kapelle'),(2265,'8433','Slijpe'),(2266,'8434','Lombardsijde'),(2267,'8434','Westende'),(2268,'8450','BREDENE'),(2269,'8460','Ettelgem'),(2270,'8460','OUDENBURG'),(2271,'8460','Roksem'),(2272,'8460','Westkerke'),(2273,'8470','GISTEL'),(2274,'8470','Moere'),(2275,'8470','Snaaskerke'),(2276,'8470','Zevekote'),(2277,'8480','Bekegem'),(2278,'8480','Eernegem'),(2279,'8480','ICHTEGEM'),(2280,'8490','JABBEKE'),(2281,'8490','Snellegem'),(2282,'8490','Stalhille'),(2283,'8490','Varsenare'),(2284,'8490','Zerkegem'),(2285,'8500','KORTRIJK'),(2286,'8501','Bissegem'),(2287,'8501','Heule'),(2288,'8510','Bellegem'),(2289,'8510','Kooigem'),(2290,'8510','Marke'),(2291,'8510','Rollegem'),(2292,'8511','Aalbeke'),(2293,'8520','KUURNE'),(2294,'8530','HARELBEKE'),(2295,'8531','Bavikhove'),(2296,'8531','Hulste'),(2297,'8540','DEERLIJK'),(2298,'8550','ZWEVEGEM'),(2299,'8551','Heestert'),(2300,'8552','Moen'),(2301,'8553','Otegem'),(2302,'8554','Sint-Denijs'),(2303,'8560','Gullegem'),(2304,'8560','Moorsele'),(2305,'8560','WEVELGEM'),(2306,'8570','ANZEGEM'),(2307,'8570','Gijzelbrechtegem'),(2308,'8570','Ingooigem'),(2309,'8570','Vichte'),(2310,'8572','Kaster'),(2311,'8573','Tiegem'),(2312,'8580','AVELGEM'),(2313,'8581','Kerkhove'),(2314,'8581','Waarmaarde'),(2315,'8582','Outrijve'),(2316,'8583','Bossuit'),(2317,'8587','Helkijn'),(2318,'8587','Spiere'),(2319,'8587','SPIERE-HELKIJN'),(2320,'8600','Beerst'),(2321,'8600','DIKSMUIDE'),(2322,'8600','Driekapellen'),(2323,'8600','Esen'),(2324,'8600','Kaaskerke'),(2325,'8600','Keiem'),(2326,'8600','Lampernisse'),(2327,'8600','Leke'),(2328,'8600','Nieuwkapelle'),(2329,'8600','Oostkerke'),(2330,'8600','Oudekapelle'),(2331,'8600','Pervijze'),(2332,'8600','Sint-Jacobs-Kapelle'),(2333,'8600','Stuivekenskerke'),(2334,'8600','Vladslo'),(2335,'8600','Woumen'),(2336,'8610','Handzame'),(2337,'8610','KORTEMARK'),(2338,'8610','Werken'),(2339,'8610','Zarren'),(2340,'8620','NIEUWPOORT'),(2341,'8620','Ramskapelle'),(2342,'8620','Sint-Joris'),(2343,'8630','Avekapelle'),(2344,'8630','Booitshoeke'),(2345,'8630','Bulskamp'),(2346,'8630','De Moeren'),(2347,'8630','Eggewaartskapelle'),(2348,'8630','Houtem'),(2349,'8630','Steenkerke'),(2350,'8630','VEURNE'),(2351,'8630','Vinkem'),(2352,'8630','Wulveringem'),(2353,'8630','Zoutenaaie'),(2354,'8640','Oostvleteren'),(2355,'8640','VLETEREN'),(2356,'8640','Westvleteren'),(2357,'8640','Woesten'),(2358,'8647','Lo'),(2359,'8647','LO-RENINGE'),(2360,'8647','Noordschote'),(2361,'8647','Pollinkhove'),(2362,'8647','Reninge'),(2363,'8650','HOUTHULST'),(2364,'8650','Klerken'),(2365,'8650','Merkem'),(2366,'8660','Adinkerke'),(2367,'8660','DE PANNE'),(2368,'8670','KOKSIJDE'),(2369,'8670','Oostduinkerke'),(2370,'8670','Wulpen'),(2371,'8680','Bovekerke'),(2372,'8680','KOEKELARE'),(2373,'8680','Zande'),(2374,'8690','ALVERINGEM'),(2375,'8690','Hoogstade'),(2376,'8690','Oeren'),(2377,'8690','Sint-Rijkers'),(2378,'8691','Beveren-Aan-De-Ijzer'),(2379,'8691','Gijverinkhove'),(2380,'8691','Izenberge'),(2381,'8691','Leisele'),(2382,'8691','Stavele'),(2383,'8700','Aarsele'),(2384,'8700','Kanegem'),(2385,'8700','Schuiferskapelle'),(2386,'8700','TIELT'),(2387,'8710','Ooigem'),(2388,'8710','Sint-Baafs-Vijve'),(2389,'8710','WIELSBEKE'),(2390,'8720','DENTERGEM'),(2391,'8720','Markegem'),(2392,'8720','Oeselgem'),(2393,'8720','Wakken'),(2394,'8730','BEERNEM'),(2395,'8730','Oedelem'),(2396,'8730','Sint-Joris'),(2397,'8740','Egem'),(2398,'8740','PITTEM'),(2399,'8750','WINGENE'),(2400,'8750','Zwevezele'),(2401,'8755','RUISELEDE'),(2402,'8760','MEULEBEKE'),(2403,'8770','INGELMUNSTER'),(2404,'8780','OOSTROZEBEKE'),(2405,'8790','WAREGEM'),(2406,'8791','Beveren'),(2407,'8792','Desselgem'),(2408,'8793','Sint-Eloois-Vijve'),(2409,'8800','Beveren'),(2410,'8800','Oekene'),(2411,'8800','ROESELARE'),(2412,'8800','Rumbeke'),(2413,'8810','LICHTERVELDE'),(2414,'8820','TORHOUT'),(2415,'8830','Gits'),(2416,'8830','HOOGLEDE'),(2417,'8840','Oostnieuwkerke'),(2418,'8840','STADEN'),(2419,'8840','Westrozebeke'),(2420,'8850','ARDOOIE'),(2421,'8851','Koolskamp'),(2422,'8860','LENDELEDE'),(2423,'8870','Emelgem'),(2424,'8870','IZEGEM'),(2425,'8870','Kachtem'),(2426,'8880','LEDEGEM'),(2427,'8880','Rollegem-Kapelle'),(2428,'8880','Sint-Eloois-Winkel'),(2429,'8890','Dadizele'),(2430,'8890','MOORSLEDE'),(2431,'8900','Brielen'),(2432,'8900','Dikkebus'),(2433,'8900','IEPER'),(2434,'8900','Sint-Jan'),(2435,'8902','Hollebeke'),(2436,'8902','Voormezele'),(2437,'8902','Zillebeke'),(2438,'8904','Boezinge'),(2439,'8904','Zuidschote'),(2440,'8906','Elverdinge'),(2441,'8908','Vlamertinge'),(2442,'8920','Bikschote'),(2443,'8920','Langemark'),(2444,'8920','LANGEMARK-POELKAPELLE'),(2445,'8920','Poelkapelle'),(2446,'8930','Lauwe'),(2447,'8930','MENEN'),(2448,'8930','Rekkem'),(2449,'8940','Geluwe'),(2450,'8940','WERVIK'),(2451,'8950','HEUVELLAND'),(2452,'8950','Nieuwkerke'),(2453,'8951','Dranouter'),(2454,'8952','Wulvergem'),(2455,'8953','Wijtschate'),(2456,'8954','Westouter'),(2457,'8956','Kemmel'),(2458,'8957','MESEN'),(2459,'8958','Loker'),(2460,'8970','POPERINGE'),(2461,'8970','Reningelst'),(2462,'8972','Krombeke'),(2463,'8972','Proven'),(2464,'8972','Roesbrugge-Haringe'),(2465,'8978','Watou'),(2466,'8980','Beselare'),(2467,'8980','Geluveld'),(2468,'8980','Passendale'),(2469,'8980','Zandvoorde'),(2470,'8980','ZONNEBEKE'),(2471,'9000','GENT'),(2472,'9030','Mariakerke'),(2473,'9031','Drongen'),(2474,'9032','Wondelgem'),(2475,'9040','Sint-Amandsberg'),(2476,'9041','Oostakker'),(2477,'9042','Desteldonk'),(2478,'9042','Mendonk'),(2479,'9042','Sint-Kruis-Winkel'),(2480,'9050','Gentbrugge'),(2481,'9050','Ledeberg'),(2482,'9051','Afsnee'),(2483,'9051','Sint-Denijs-Westrem'),(2484,'9052','Zwijnaarde'),(2485,'9060','ZELZATE'),(2486,'9070','DESTELBERGEN'),(2487,'9070','Heusden'),(2488,'9080','Beervelde'),(2489,'9080','LOCHRISTI'),(2490,'9080','Zaffelare'),(2491,'9080','Zeveneken'),(2492,'9090','Gontrode'),(2493,'9090','MELLE'),(2494,'9100','Nieuwkerken-Waas'),(2495,'9100','SINT-NIKLAAS'),(2496,'9111','Belsele'),(2497,'9112','Sinaai-Waas'),(2498,'9120','BEVEREN-WAAS'),(2499,'9120','Haasdonk'),(2500,'9120','Kallo'),(2501,'9120','Melsele'),(2502,'9120','Vrasene'),(2503,'9130','Doel'),(2504,'9130','Kallo'),(2505,'9130','Kieldrecht'),(2506,'9130','Verrebroek'),(2507,'9140','Elversele'),(2508,'9140','Steendorp'),(2509,'9140','TEMSE'),(2510,'9140','Tielrode'),(2511,'9150','Bazel'),(2512,'9150','KRUIBEKE'),(2513,'9150','Rupelmonde'),(2514,'9160','Daknam'),(2515,'9160','Eksaarde'),(2516,'9160','LOKEREN'),(2517,'9170','De Klinge'),(2518,'9170','Meerdonk'),(2519,'9170','SINT-GILLIS-WAAS'),(2520,'9170','Sint-Pauwels'),(2521,'9180','MOERBEKE-WAAS'),(2522,'9185','WACHTEBEKE'),(2523,'9190','Kemzeke'),(2524,'9190','STEKENE'),(2525,'9200','Appels'),(2526,'9200','Baasrode'),(2527,'9200','DENDERMONDE'),(2528,'9200','Grembergen'),(2529,'9200','Mespelare'),(2530,'9200','Oudegem'),(2531,'9200','Schoonaarde'),(2532,'9200','Sint-Gillis-Dendermonde'),(2533,'9220','HAMME'),(2534,'9220','Moerzeke'),(2535,'9230','Massemen'),(2536,'9230','Westrem'),(2537,'9230','WETTEREN'),(2538,'9240','ZELE'),(2539,'9250','WAASMUNSTER'),(2540,'9255','BUGGENHOUT'),(2541,'9255','Opdorp'),(2542,'9260','Schellebelle'),(2543,'9260','Serskamp'),(2544,'9260','WICHELEN'),(2545,'9270','Kalken'),(2546,'9270','LAARNE'),(2547,'9280','Denderbelle'),(2548,'9280','LEBBEKE'),(2549,'9280','Wieze'),(2550,'9290','BERLARE'),(2551,'9290','Overmere'),(2552,'9290','Uitbergen'),(2553,'9300','AALST'),(2554,'9308','Gijzegem'),(2555,'9308','Hofstade'),(2556,'9310','Baardegem'),(2557,'9310','Herdersem'),(2558,'9310','Meldert'),(2559,'9310','Moorsel'),(2560,'9320','Erembodegem'),(2561,'9320','Nieuwerkerken'),(2562,'9340','Impe'),(2563,'9340','LEDE'),(2564,'9340','Oordegem'),(2565,'9340','Smetlede'),(2566,'9340','Wanzele'),(2567,'9400','Appelterre-Eichem'),(2568,'9400','Denderwindeke'),(2569,'9400','Lieferinge'),(2570,'9400','Nederhasselt'),(2571,'9400','NINOVE'),(2572,'9400','Okegem'),(2573,'9400','Voorde'),(2574,'9401','Pollare'),(2575,'9402','Meerbeke'),(2576,'9403','Neigem'),(2577,'9404','Aspelare'),(2578,'9406','Outer'),(2579,'9420','Aaigem'),(2580,'9420','Bambrugge'),(2581,'9420','Burst'),(2582,'9420','Erondegem'),(2583,'9420','Erpe'),(2584,'9420','ERPE-MERE'),(2585,'9420','Mere'),(2586,'9420','Ottergem'),(2587,'9420','Vlekkem'),(2588,'9450','Denderhoutem'),(2589,'9450','HAALTERT'),(2590,'9450','Heldergem'),(2591,'9451','Kerksken'),(2592,'9470','DENDERLEEUW'),(2593,'9472','Iddergem'),(2594,'9473','Welle'),(2595,'9500','GERAARDSBERGEN'),(2596,'9500','Goeferdinge'),(2597,'9500','Moerbeke'),(2598,'9500','Nederboelare'),(2599,'9500','Onkerzele'),(2600,'9500','Ophasselt'),(2601,'9500','Overboelare'),(2602,'9500','Viane'),(2603,'9500','Zarlardinge'),(2604,'9506','Grimminge'),(2605,'9506','Idegem'),(2606,'9506','Nieuwenhove'),(2607,'9506','Schendelbeke'),(2608,'9506','Smeerebbe-Vloerzegem'),(2609,'9506','Waarbeke'),(2610,'9506','Zandbergen'),(2611,'9520','Bavegem'),(2612,'9520','Oombergen'),(2613,'9520','SINT-LIEVENS-HOUTEM'),(2614,'9520','Vlierzele'),(2615,'9520','Zonnegem'),(2616,'9521','Letterhoutem'),(2617,'9550','HERZELE'),(2618,'9550','Hillegem'),(2619,'9550','Sint-Antelinks'),(2620,'9550','Sint-Lievens-Esse'),(2621,'9550','Steenhuize-Wijnhuize'),(2622,'9550','Woubrechtegem'),(2623,'9551','Ressegem'),(2624,'9552','Borsbeke'),(2625,'9570','Deftinge'),(2626,'9570','LIERDE'),(2627,'9570','Sint-Maria-Lierde'),(2628,'9571','Hemelveerdegem'),(2629,'9572','Sint-Martens-Lierde'),(2630,'9600','RONSE'),(2631,'9620','Elene'),(2632,'9620','Erwetegem'),(2633,'9620','Godveerdegem'),(2634,'9620','Grotenberge'),(2635,'9620','Leeuwergem'),(2636,'9620','Oombergen'),(2637,'9620','Sint-Goriks-Oudenhove'),(2638,'9620','Sint-Maria-Oudenhove'),(2639,'9620','Strijpen'),(2640,'9620','Velzeke-Ruddershove'),(2641,'9620','ZOTTEGEM'),(2642,'9630','Beerlegem'),(2643,'9630','Dikkele'),(2644,'9630','Hundelgem'),(2645,'9630','Meilegem'),(2646,'9630','Munkzwalm'),(2647,'9630','Paulatem'),(2648,'9630','Roborst'),(2649,'9630','Rozebeke'),(2650,'9630','Sint-Blasius-Boekel'),(2651,'9630','Sint-Denijs-Boekel'),(2652,'9630','Sint-Maria-Latem'),(2653,'9630','ZWALM'),(2654,'9636','Nederzwalm-Hermelgem'),(2655,'9660','BRAKEL'),(2656,'9660','Elst'),(2657,'9660','Everbeek'),(2658,'9660','Michelbeke'),(2659,'9660','Nederbrakel'),(2660,'9660','Opbrakel'),(2661,'9660','Sint-Maria-Oudenhove'),(2662,'9660','Zegelsem'),(2663,'9661','Parike'),(2664,'9667','HOREBEKE'),(2665,'9667','Sint-Kornelis-Horebeke'),(2666,'9667','Sint-Maria-Horebeke'),(2667,'9680','Etikhove'),(2668,'9680','Maarke-Kerkem'),(2669,'9680','MAARKEDAL'),(2670,'9681','Nukerke'),(2671,'9688','Schorisse'),(2672,'9690','Berchem'),(2673,'9690','KLUISBERGEN'),(2674,'9690','Kwaremont'),(2675,'9690','Ruien'),(2676,'9690','Zulzeke'),(2677,'9700','Bevere'),(2678,'9700','Edelare'),(2679,'9700','Eine'),(2680,'9700','Ename'),(2681,'9700','Heurne'),(2682,'9700','Leupegem'),(2683,'9700','Mater'),(2684,'9700','Melden'),(2685,'9700','Mullem'),(2686,'9700','Nederename'),(2687,'9700','Ooike'),(2688,'9700','OUDENAARDE'),(2689,'9700','Volkegem'),(2690,'9700','Welden'),(2691,'9750','Huise'),(2692,'9750','Ouwegem'),(2693,'9750','ZINGEM'),(2694,'9770','KRUISHOUTEM'),(2695,'9771','Nokere'),(2696,'9772','Wannegem-Lede'),(2697,'9790','Elsegem'),(2698,'9790','Moregem'),(2699,'9790','Ooike'),(2700,'9790','Petegem-Aan-De-Schelde'),(2701,'9790','Wortegem'),(2702,'9790','WORTEGEM-PETEGEM'),(2703,'9800','Astene'),(2704,'9800','Bachte-Maria-Leerne'),(2705,'9800','DEINZE'),(2706,'9800','Gottem'),(2707,'9800','Grammene'),(2708,'9800','Meigem'),(2709,'9800','Petegem-Aan-De-Leie'),(2710,'9800','Sint-Martens-Leerne'),(2711,'9800','Vinkt'),(2712,'9800','Wontergem'),(2713,'9800','Zeveren'),(2714,'9810','Eke'),(2715,'9810','NAZARETH'),(2716,'9820','Bottelare'),(2717,'9820','Lemberge'),(2718,'9820','Melsen'),(2719,'9820','MERELBEKE'),(2720,'9820','Munte'),(2721,'9820','Schelderode'),(2722,'9830','SINT-MARTENS-LATEM'),(2723,'9831','Deurle'),(2724,'9840','DE PINTE'),(2725,'9840','Zevergem'),(2726,'9850','Hansbeke'),(2727,'9850','Landegem'),(2728,'9850','Merendree'),(2729,'9850','NEVELE'),(2730,'9850','Poesele'),(2731,'9850','Vosselare'),(2732,'9860','Balegem'),(2733,'9860','Gijzenzele'),(2734,'9860','Landskouter'),(2735,'9860','Moortsele'),(2736,'9860','OOSTERZELE'),(2737,'9860','Scheldewindeke'),(2738,'9870','Machelen'),(2739,'9870','Olsene'),(2740,'9870','ZULTE'),(2741,'9880','AALTER'),(2742,'9880','Lotenhulle'),(2743,'9880','Poeke'),(2744,'9881','Bellem'),(2745,'9890','Asper'),(2746,'9890','Baaigem'),(2747,'9890','Dikkelvenne'),(2748,'9890','GAVERE'),(2749,'9890','Semmerzake'),(2750,'9890','Vurste'),(2751,'9900','EEKLO'),(2752,'9910','KNESSELARE'),(2753,'9910','Ursel'),(2754,'9920','LOVENDEGEM'),(2755,'9921','Vinderhoute'),(2756,'9930','ZOMERGEM'),(2757,'9931','Oostwinkel'),(2758,'9932','Ronsele'),(2759,'9940','Ertvelde'),(2760,'9940','EVERGEM'),(2761,'9940','Kluizen'),(2762,'9940','Sleidinge'),(2763,'9950','WAARSCHOOT'),(2764,'9960','ASSENEDE'),(2765,'9961','Boekhoute'),(2766,'9968','Bassevelde'),(2767,'9968','Oosteeklo'),(2768,'9970','KAPRIJKE'),(2769,'9971','Lembeke'),(2770,'9980','SINT-LAUREINS'),(2771,'9981','Sint-Margriete'),(2772,'9982','Sint-Jan-In-Eremo'),(2773,'9988','Waterland-Oudeman'),(2774,'9988','Watervliet'),(2775,'9990','MALDEGEM'),(2776,'9991','Adegem'),(2777,'9992','Middelburg');
/*!40000 ALTER TABLE `postcode` ENABLE KEYS */;
UNLOCK TABLES;

--
-- Table structure for table `stati`
--

DROP TABLE IF EXISTS `stati`;
/*!40101 SET @saved_cs_client     = @@character_set_client */;
/*!40101 SET character_set_client = utf8 */;
CREATE TABLE `stati` (
  `id` int(8) NOT NULL AUTO_INCREMENT,
  `stati` varchar(100) DEFAULT NULL,
  `color` varchar(50) DEFAULT NULL,
  PRIMARY KEY (`id`)
) ENGINE=InnoDB AUTO_INCREMENT=7 DEFAULT CHARSET=latin1;
/*!40101 SET character_set_client = @saved_cs_client */;

--
-- Dumping data for table `stati`
--

LOCK TABLES `stati` WRITE;
/*!40000 ALTER TABLE `stati` DISABLE KEYS */;
INSERT INTO `stati` VALUES (2,'Te bestellen','#A52A2A'),(3,'Besteld','#FF8C00'),(4,'Geleverd','#FFD700'),(5,'Verwittigd','#4F628E'),(6,'Afgehandeld','#DCDCDC');
/*!40000 ALTER TABLE `stati` ENABLE KEYS */;
UNLOCK TABLES;
/*!40103 SET TIME_ZONE=@OLD_TIME_ZONE */;

/*!40101 SET SQL_MODE=@OLD_SQL_MODE */;
/*!40014 SET FOREIGN_KEY_CHECKS=@OLD_FOREIGN_KEY_CHECKS */;
/*!40014 SET UNIQUE_CHECKS=@OLD_UNIQUE_CHECKS */;
/*!40101 SET CHARACTER_SET_CLIENT=@OLD_CHARACTER_SET_CLIENT */;
/*!40101 SET CHARACTER_SET_RESULTS=@OLD_CHARACTER_SET_RESULTS */;
/*!40101 SET COLLATION_CONNECTION=@OLD_COLLATION_CONNECTION */;
/*!40111 SET SQL_NOTES=@OLD_SQL_NOTES */;

-- Dump completed on 2016-06-03 15:24:43
